[
{
    "model": "admin.logentry",
    "pk": 1,
    "fields": {
        "action_time": "2023-03-29T06:13:18.223Z",
        "user": 1,
        "content_type": 7,
        "object_id": "1",
        "object_repr": "Utility object (1)",
        "action_flag": 1,
        "change_message": "[{\"added\": {}}]"
    }
},
{
    "model": "admin.logentry",
    "pk": 2,
    "fields": {
        "action_time": "2023-03-29T06:13:36.249Z",
        "user": 1,
        "content_type": 7,
        "object_id": "2",
        "object_repr": "Utility object (2)",
        "action_flag": 1,
        "change_message": "[{\"added\": {}}]"
    }
},
{
    "model": "admin.logentry",
    "pk": 3,
    "fields": {
        "action_time": "2023-03-29T06:15:33.574Z",
        "user": 1,
        "content_type": 7,
        "object_id": "2",
        "object_repr": "Utility object (2)",
        "action_flag": 3,
        "change_message": ""
    }
},
{
    "model": "admin.logentry",
    "pk": 4,
    "fields": {
        "action_time": "2023-03-29T06:15:33.590Z",
        "user": 1,
        "content_type": 7,
        "object_id": "1",
        "object_repr": "Utility object (1)",
        "action_flag": 3,
        "change_message": ""
    }
},
{
    "model": "admin.logentry",
    "pk": 5,
    "fields": {
        "action_time": "2023-03-29T06:15:43.194Z",
        "user": 1,
        "content_type": 7,
        "object_id": "3",
        "object_repr": "Utility object (3)",
        "action_flag": 1,
        "change_message": "[{\"added\": {}}]"
    }
},
{
    "model": "admin.logentry",
    "pk": 6,
    "fields": {
        "action_time": "2023-03-29T06:16:05.694Z",
        "user": 1,
        "content_type": 8,
        "object_id": "1",
        "object_repr": "Reading object (1)",
        "action_flag": 1,
        "change_message": "[{\"added\": {}}]"
    }
},
{
    "model": "admin.logentry",
    "pk": 7,
    "fields": {
        "action_time": "2023-03-29T06:18:11.629Z",
        "user": 1,
        "content_type": 7,
        "object_id": "4",
        "object_repr": "Water",
        "action_flag": 1,
        "change_message": "[{\"added\": {}}]"
    }
},
{
    "model": "admin.logentry",
    "pk": 8,
    "fields": {
        "action_time": "2023-03-29T06:18:24.877Z",
        "user": 1,
        "content_type": 8,
        "object_id": "1",
        "object_repr": "100kwh",
        "action_flag": 2,
        "change_message": "[{\"changed\": {\"fields\": [\"Reading\"]}}]"
    }
},
{
    "model": "admin.logentry",
    "pk": 9,
    "fields": {
        "action_time": "2023-03-29T06:18:40.153Z",
        "user": 1,
        "content_type": 8,
        "object_id": "2",
        "object_repr": "50kwh",
        "action_flag": 1,
        "change_message": "[{\"added\": {}}]"
    }
},
{
    "model": "admin.logentry",
    "pk": 10,
    "fields": {
        "action_time": "2023-03-29T06:24:28.946Z",
        "user": 1,
        "content_type": 8,
        "object_id": "2",
        "object_repr": "50",
        "action_flag": 2,
        "change_message": "[{\"changed\": {\"fields\": [\"Reading\"]}}]"
    }
},
{
    "model": "admin.logentry",
    "pk": 11,
    "fields": {
        "action_time": "2023-03-29T06:24:33.895Z",
        "user": 1,
        "content_type": 8,
        "object_id": "1",
        "object_repr": "100",
        "action_flag": 2,
        "change_message": "[{\"changed\": {\"fields\": [\"Reading\"]}}]"
    }
},
{
    "model": "admin.logentry",
    "pk": 12,
    "fields": {
        "action_time": "2023-03-29T06:24:44.062Z",
        "user": 1,
        "content_type": 8,
        "object_id": "3",
        "object_repr": "12",
        "action_flag": 1,
        "change_message": "[{\"added\": {}}]"
    }
},
{
    "model": "admin.logentry",
    "pk": 13,
    "fields": {
        "action_time": "2023-03-29T06:24:51.533Z",
        "user": 1,
        "content_type": 8,
        "object_id": "4",
        "object_repr": "24",
        "action_flag": 1,
        "change_message": "[{\"added\": {}}]"
    }
},
{
    "model": "admin.logentry",
    "pk": 14,
    "fields": {
        "action_time": "2023-03-29T06:25:00.035Z",
        "user": 1,
        "content_type": 8,
        "object_id": "5",
        "object_repr": "65",
        "action_flag": 1,
        "change_message": "[{\"added\": {}}]"
    }
},
{
    "model": "admin.logentry",
    "pk": 15,
    "fields": {
        "action_time": "2023-03-29T06:27:04.332Z",
        "user": 1,
        "content_type": 8,
        "object_id": "6",
        "object_repr": "22",
        "action_flag": 1,
        "change_message": "[{\"added\": {}}]"
    }
},
{
    "model": "admin.logentry",
    "pk": 16,
    "fields": {
        "action_time": "2023-03-29T06:27:11.693Z",
        "user": 1,
        "content_type": 8,
        "object_id": "7",
        "object_repr": "125",
        "action_flag": 1,
        "change_message": "[{\"added\": {}}]"
    }
},
{
    "model": "admin.logentry",
    "pk": 17,
    "fields": {
        "action_time": "2023-03-29T06:27:21.924Z",
        "user": 1,
        "content_type": 8,
        "object_id": "8",
        "object_repr": "64",
        "action_flag": 1,
        "change_message": "[{\"added\": {}}]"
    }
},
{
    "model": "admin.logentry",
    "pk": 18,
    "fields": {
        "action_time": "2023-03-29T06:27:33.793Z",
        "user": 1,
        "content_type": 8,
        "object_id": "9",
        "object_repr": "43",
        "action_flag": 1,
        "change_message": "[{\"added\": {}}]"
    }
},
{
    "model": "admin.logentry",
    "pk": 19,
    "fields": {
        "action_time": "2023-03-29T06:27:42.273Z",
        "user": 1,
        "content_type": 8,
        "object_id": "10",
        "object_repr": "77",
        "action_flag": 1,
        "change_message": "[{\"added\": {}}]"
    }
},
{
    "model": "admin.logentry",
    "pk": 20,
    "fields": {
        "action_time": "2023-04-03T07:39:20.120Z",
        "user": 1,
        "content_type": 7,
        "object_id": "5",
        "object_repr": "Gas",
        "action_flag": 1,
        "change_message": "[{\"added\": {}}]"
    }
},
{
    "model": "admin.logentry",
    "pk": 21,
    "fields": {
        "action_time": "2023-04-03T07:40:08.644Z",
        "user": 1,
        "content_type": 8,
        "object_id": "11",
        "object_repr": "10",
        "action_flag": 1,
        "change_message": "[{\"added\": {}}]"
    }
},
{
    "model": "admin.logentry",
    "pk": 22,
    "fields": {
        "action_time": "2023-04-03T07:40:19.231Z",
        "user": 1,
        "content_type": 8,
        "object_id": "12",
        "object_repr": "13",
        "action_flag": 1,
        "change_message": "[{\"added\": {}}]"
    }
},
{
    "model": "admin.logentry",
    "pk": 23,
    "fields": {
        "action_time": "2023-04-03T07:40:25.178Z",
        "user": 1,
        "content_type": 8,
        "object_id": "13",
        "object_repr": "50",
        "action_flag": 1,
        "change_message": "[{\"added\": {}}]"
    }
},
{
    "model": "admin.logentry",
    "pk": 24,
    "fields": {
        "action_time": "2023-04-03T07:41:02.044Z",
        "user": 1,
        "content_type": 8,
        "object_id": "14",
        "object_repr": "2",
        "action_flag": 1,
        "change_message": "[{\"added\": {}}]"
    }
},
{
    "model": "admin.logentry",
    "pk": 25,
    "fields": {
        "action_time": "2023-04-03T07:41:07.584Z",
        "user": 1,
        "content_type": 8,
        "object_id": "15",
        "object_repr": "30",
        "action_flag": 1,
        "change_message": "[{\"added\": {}}]"
    }
},
{
    "model": "admin.logentry",
    "pk": 26,
    "fields": {
        "action_time": "2023-04-03T10:55:56.828Z",
        "user": 1,
        "content_type": 7,
        "object_id": "3",
        "object_repr": "Electricity",
        "action_flag": 2,
        "change_message": "[{\"changed\": {\"fields\": [\"Unit\"]}}]"
    }
},
{
    "model": "admin.logentry",
    "pk": 27,
    "fields": {
        "action_time": "2023-04-03T10:56:07.849Z",
        "user": 1,
        "content_type": 7,
        "object_id": "4",
        "object_repr": "Water",
        "action_flag": 2,
        "change_message": "[{\"changed\": {\"fields\": [\"Unit\"]}}]"
    }
},
{
    "model": "admin.logentry",
    "pk": 28,
    "fields": {
        "action_time": "2023-04-03T10:56:40.257Z",
        "user": 1,
        "content_type": 7,
        "object_id": "5",
        "object_repr": "Gas",
        "action_flag": 2,
        "change_message": "[{\"changed\": {\"fields\": [\"Unit\"]}}]"
    }
},
{
    "model": "admin.logentry",
    "pk": 29,
    "fields": {
        "action_time": "2023-04-03T11:22:43.781Z",
        "user": 1,
        "content_type": 8,
        "object_id": "16",
        "object_repr": "12",
        "action_flag": 1,
        "change_message": "[{\"added\": {}}]"
    }
},
{
    "model": "admin.logentry",
    "pk": 30,
    "fields": {
        "action_time": "2023-04-05T05:42:47.877Z",
        "user": 1,
        "content_type": 7,
        "object_id": "5",
        "object_repr": "Gas",
        "action_flag": 2,
        "change_message": "[{\"changed\": {\"fields\": [\"User\"]}}]"
    }
},
{
    "model": "admin.logentry",
    "pk": 31,
    "fields": {
        "action_time": "2023-04-05T05:42:57.125Z",
        "user": 1,
        "content_type": 7,
        "object_id": "4",
        "object_repr": "Water",
        "action_flag": 2,
        "change_message": "[{\"changed\": {\"fields\": [\"User\"]}}]"
    }
},
{
    "model": "admin.logentry",
    "pk": 32,
    "fields": {
        "action_time": "2023-04-05T05:43:02.022Z",
        "user": 1,
        "content_type": 7,
        "object_id": "3",
        "object_repr": "Electricity",
        "action_flag": 2,
        "change_message": "[{\"changed\": {\"fields\": [\"User\"]}}]"
    }
},
{
    "model": "admin.logentry",
    "pk": 33,
    "fields": {
        "action_time": "2023-04-20T06:03:21.129Z",
        "user": 1,
        "content_type": 7,
        "object_id": "6",
        "object_repr": "Water",
        "action_flag": 1,
        "change_message": "[{\"added\": {}}]"
    }
},
{
    "model": "admin.logentry",
    "pk": 34,
    "fields": {
        "action_time": "2023-04-26T10:29:20.061Z",
        "user": 1,
        "content_type": 4,
        "object_id": "3",
        "object_repr": "patrick",
        "action_flag": 3,
        "change_message": ""
    }
},
{
    "model": "admin.logentry",
    "pk": 35,
    "fields": {
        "action_time": "2023-04-26T10:29:20.550Z",
        "user": 1,
        "content_type": 4,
        "object_id": "2",
        "object_repr": "peter",
        "action_flag": 3,
        "change_message": ""
    }
},
{
    "model": "admin.logentry",
    "pk": 36,
    "fields": {
        "action_time": "2023-04-26T10:31:19.003Z",
        "user": 1,
        "content_type": 10,
        "object_id": "1",
        "object_repr": "Profile object (1)",
        "action_flag": 1,
        "change_message": "[{\"added\": {}}]"
    }
},
{
    "model": "admin.logentry",
    "pk": 37,
    "fields": {
        "action_time": "2023-04-26T10:33:20.316Z",
        "user": 1,
        "content_type": 4,
        "object_id": "5",
        "object_repr": "supplierone",
        "action_flag": 1,
        "change_message": "[{\"added\": {}}]"
    }
},
{
    "model": "admin.logentry",
    "pk": 38,
    "fields": {
        "action_time": "2023-04-26T10:43:58.737Z",
        "user": 1,
        "content_type": 10,
        "object_id": "1",
        "object_repr": "",
        "action_flag": 3,
        "change_message": ""
    }
},
{
    "model": "admin.logentry",
    "pk": 39,
    "fields": {
        "action_time": "2023-04-26T10:44:38.175Z",
        "user": 1,
        "content_type": 10,
        "object_id": "2",
        "object_repr": "supplier",
        "action_flag": 1,
        "change_message": "[{\"added\": {}}]"
    }
},
{
    "model": "admin.logentry",
    "pk": 40,
    "fields": {
        "action_time": "2023-04-26T10:44:55.481Z",
        "user": 1,
        "content_type": 7,
        "object_id": "1",
        "object_repr": "Water",
        "action_flag": 1,
        "change_message": "[{\"added\": {}}]"
    }
},
{
    "model": "admin.logentry",
    "pk": 41,
    "fields": {
        "action_time": "2023-04-26T11:29:21.192Z",
        "user": 1,
        "content_type": 4,
        "object_id": "6",
        "object_repr": "james",
        "action_flag": 3,
        "change_message": ""
    }
},
{
    "model": "admin.logentry",
    "pk": 42,
    "fields": {
        "action_time": "2023-04-26T11:51:29.182Z",
        "user": 1,
        "content_type": 10,
        "object_id": "4",
        "object_repr": "darryl",
        "action_flag": 1,
        "change_message": "[{\"added\": {}}]"
    }
},
{
    "model": "admin.logentry",
    "pk": 43,
    "fields": {
        "action_time": "2023-04-27T05:44:50.126Z",
        "user": 1,
        "content_type": 7,
        "object_id": "2",
        "object_repr": "Electricity",
        "action_flag": 1,
        "change_message": "[{\"added\": {}}]"
    }
},
{
    "model": "admin.logentry",
    "pk": 44,
    "fields": {
        "action_time": "2023-04-27T05:55:28.311Z",
        "user": 1,
        "content_type": 7,
        "object_id": "2",
        "object_repr": "Electricity",
        "action_flag": 2,
        "change_message": "[{\"changed\": {\"fields\": [\"Supplier\"]}}]"
    }
},
{
    "model": "admin.logentry",
    "pk": 45,
    "fields": {
        "action_time": "2023-04-27T05:55:37.277Z",
        "user": 1,
        "content_type": 7,
        "object_id": "2",
        "object_repr": "Electricity",
        "action_flag": 2,
        "change_message": "[{\"changed\": {\"fields\": [\"Supplier\"]}}]"
    }
},
{
    "model": "admin.logentry",
    "pk": 46,
    "fields": {
        "action_time": "2023-04-27T07:58:21.781Z",
        "user": 1,
        "content_type": 7,
        "object_id": "2",
        "object_repr": "Electricity",
        "action_flag": 2,
        "change_message": "[{\"changed\": {\"fields\": [\"Meternumber\"]}}]"
    }
},
{
    "model": "admin.logentry",
    "pk": 47,
    "fields": {
        "action_time": "2023-04-27T07:58:35.742Z",
        "user": 1,
        "content_type": 7,
        "object_id": "1",
        "object_repr": "Water",
        "action_flag": 2,
        "change_message": "[{\"changed\": {\"fields\": [\"Meternumber\"]}}]"
    }
},
{
    "model": "admin.logentry",
    "pk": 48,
    "fields": {
        "action_time": "2023-04-27T07:58:46.445Z",
        "user": 1,
        "content_type": 7,
        "object_id": "1",
        "object_repr": "Water",
        "action_flag": 2,
        "change_message": "[{\"changed\": {\"fields\": [\"Meternumber\"]}}]"
    }
},
{
    "model": "admin.logentry",
    "pk": 49,
    "fields": {
        "action_time": "2023-04-27T09:55:57.952Z",
        "user": 1,
        "content_type": 4,
        "object_id": "1",
        "object_repr": "darryl",
        "action_flag": 2,
        "change_message": "[{\"changed\": {\"fields\": [\"First name\", \"Last name\"]}}]"
    }
},
{
    "model": "admin.logentry",
    "pk": 50,
    "fields": {
        "action_time": "2023-04-28T05:19:15.087Z",
        "user": 1,
        "content_type": 7,
        "object_id": "3",
        "object_repr": "Water",
        "action_flag": 1,
        "change_message": "[{\"added\": {}}]"
    }
},
{
    "model": "admin.logentry",
    "pk": 51,
    "fields": {
        "action_time": "2023-04-28T05:37:06.233Z",
        "user": 1,
        "content_type": 7,
        "object_id": "3",
        "object_repr": "Water",
        "action_flag": 2,
        "change_message": "[{\"changed\": {\"fields\": [\"Rate\"]}}]"
    }
},
{
    "model": "admin.logentry",
    "pk": 52,
    "fields": {
        "action_time": "2023-04-28T12:06:49.626Z",
        "user": 1,
        "content_type": 4,
        "object_id": "9",
        "object_repr": "stephenodinyo",
        "action_flag": 2,
        "change_message": "[{\"changed\": {\"fields\": [\"Staff status\"]}}]"
    }
},
{
    "model": "admin.logentry",
    "pk": 53,
    "fields": {
        "action_time": "2023-05-02T11:29:36.404Z",
        "user": 1,
        "content_type": 10,
        "object_id": "2",
        "object_repr": "supplier",
        "action_flag": 2,
        "change_message": "[{\"changed\": {\"fields\": [\"Usertype\"]}}]"
    }
},
{
    "model": "admin.logentry",
    "pk": 54,
    "fields": {
        "action_time": "2023-05-04T11:00:33.058Z",
        "user": 1,
        "content_type": 7,
        "object_id": "4",
        "object_repr": "Water",
        "action_flag": 1,
        "change_message": "[{\"added\": {}}]"
    }
},
{
    "model": "admin.logentry",
    "pk": 55,
    "fields": {
        "action_time": "2023-05-04T11:01:28.958Z",
        "user": 1,
        "content_type": 7,
        "object_id": "5",
        "object_repr": "Water",
        "action_flag": 1,
        "change_message": "[{\"added\": {}}]"
    }
},
{
    "model": "admin.logentry",
    "pk": 56,
    "fields": {
        "action_time": "2023-05-04T11:03:12.577Z",
        "user": 1,
        "content_type": 7,
        "object_id": "6",
        "object_repr": "Water",
        "action_flag": 1,
        "change_message": "[{\"added\": {}}]"
    }
},
{
    "model": "admin.logentry",
    "pk": 57,
    "fields": {
        "action_time": "2023-05-04T11:04:18.402Z",
        "user": 1,
        "content_type": 7,
        "object_id": "7",
        "object_repr": "Water",
        "action_flag": 1,
        "change_message": "[{\"added\": {}}]"
    }
},
{
    "model": "admin.logentry",
    "pk": 58,
    "fields": {
        "action_time": "2023-05-04T11:05:25.251Z",
        "user": 1,
        "content_type": 7,
        "object_id": "8",
        "object_repr": "Water",
        "action_flag": 1,
        "change_message": "[{\"added\": {}}]"
    }
},
{
    "model": "admin.logentry",
    "pk": 59,
    "fields": {
        "action_time": "2023-05-04T11:20:00.282Z",
        "user": 1,
        "content_type": 7,
        "object_id": "4",
        "object_repr": "Waterr",
        "action_flag": 2,
        "change_message": "[{\"changed\": {\"fields\": [\"Name\"]}}]"
    }
},
{
    "model": "admin.logentry",
    "pk": 60,
    "fields": {
        "action_time": "2023-05-04T11:21:04.037Z",
        "user": 1,
        "content_type": 7,
        "object_id": "4",
        "object_repr": "Water",
        "action_flag": 2,
        "change_message": "[{\"changed\": {\"fields\": [\"Name\"]}}]"
    }
},
{
    "model": "admin.logentry",
    "pk": 61,
    "fields": {
        "action_time": "2023-05-04T11:41:56.471Z",
        "user": 1,
        "content_type": 8,
        "object_id": "29",
        "object_repr": "0",
        "action_flag": 3,
        "change_message": ""
    }
},
{
    "model": "admin.logentry",
    "pk": 62,
    "fields": {
        "action_time": "2023-05-04T11:41:56.963Z",
        "user": 1,
        "content_type": 8,
        "object_id": "28",
        "object_repr": "0",
        "action_flag": 3,
        "change_message": ""
    }
},
{
    "model": "admin.logentry",
    "pk": 63,
    "fields": {
        "action_time": "2023-05-04T11:41:57.068Z",
        "user": 1,
        "content_type": 8,
        "object_id": "27",
        "object_repr": "2",
        "action_flag": 3,
        "change_message": ""
    }
},
{
    "model": "admin.logentry",
    "pk": 64,
    "fields": {
        "action_time": "2023-05-04T11:41:57.174Z",
        "user": 1,
        "content_type": 8,
        "object_id": "26",
        "object_repr": "0",
        "action_flag": 3,
        "change_message": ""
    }
},
{
    "model": "admin.logentry",
    "pk": 65,
    "fields": {
        "action_time": "2023-05-04T11:41:57.280Z",
        "user": 1,
        "content_type": 8,
        "object_id": "25",
        "object_repr": "35",
        "action_flag": 3,
        "change_message": ""
    }
},
{
    "model": "admin.logentry",
    "pk": 66,
    "fields": {
        "action_time": "2023-05-04T11:41:57.386Z",
        "user": 1,
        "content_type": 8,
        "object_id": "24",
        "object_repr": "13",
        "action_flag": 3,
        "change_message": ""
    }
},
{
    "model": "admin.logentry",
    "pk": 67,
    "fields": {
        "action_time": "2023-05-04T11:41:57.492Z",
        "user": 1,
        "content_type": 8,
        "object_id": "23",
        "object_repr": "70",
        "action_flag": 3,
        "change_message": ""
    }
},
{
    "model": "admin.logentry",
    "pk": 68,
    "fields": {
        "action_time": "2023-05-04T11:41:57.586Z",
        "user": 1,
        "content_type": 8,
        "object_id": "22",
        "object_repr": "43",
        "action_flag": 3,
        "change_message": ""
    }
},
{
    "model": "admin.logentry",
    "pk": 69,
    "fields": {
        "action_time": "2023-05-04T12:19:37.866Z",
        "user": 1,
        "content_type": 8,
        "object_id": "42",
        "object_repr": "105",
        "action_flag": 3,
        "change_message": ""
    }
},
{
    "model": "admin.logentry",
    "pk": 70,
    "fields": {
        "action_time": "2023-05-04T13:38:31.840Z",
        "user": 1,
        "content_type": 10,
        "object_id": "6",
        "object_repr": "stephenodinyo",
        "action_flag": 2,
        "change_message": "[{\"changed\": {\"fields\": [\"Arrears\"]}}]"
    }
},
{
    "model": "admin.logentry",
    "pk": 71,
    "fields": {
        "action_time": "2023-05-04T13:39:02.270Z",
        "user": 1,
        "content_type": 10,
        "object_id": "8",
        "object_repr": "alexmbatha",
        "action_flag": 2,
        "change_message": "[{\"changed\": {\"fields\": [\"Arrears\"]}}]"
    }
},
{
    "model": "admin.logentry",
    "pk": 72,
    "fields": {
        "action_time": "2023-05-04T13:40:24.485Z",
        "user": 1,
        "content_type": 10,
        "object_id": "11",
        "object_repr": "leonardmatheka",
        "action_flag": 2,
        "change_message": "[{\"changed\": {\"fields\": [\"Arrears\"]}}]"
    }
},
{
    "model": "admin.logentry",
    "pk": 73,
    "fields": {
        "action_time": "2023-05-05T06:20:37.088Z",
        "user": 1,
        "content_type": 10,
        "object_id": "10",
        "object_repr": "margretkiige",
        "action_flag": 2,
        "change_message": "[{\"changed\": {\"fields\": [\"Arrears\"]}}]"
    }
},
{
    "model": "admin.logentry",
    "pk": 74,
    "fields": {
        "action_time": "2023-05-05T15:27:22.833Z",
        "user": 1,
        "content_type": 7,
        "object_id": "9",
        "object_repr": "Water",
        "action_flag": 1,
        "change_message": "[{\"added\": {}}]"
    }
},
{
    "model": "admin.logentry",
    "pk": 75,
    "fields": {
        "action_time": "2023-05-05T15:28:31.485Z",
        "user": 1,
        "content_type": 7,
        "object_id": "10",
        "object_repr": "Water",
        "action_flag": 1,
        "change_message": "[{\"added\": {}}]"
    }
},
{
    "model": "admin.logentry",
    "pk": 76,
    "fields": {
        "action_time": "2023-05-05T15:29:04.908Z",
        "user": 1,
        "content_type": 7,
        "object_id": "8",
        "object_repr": "Water",
        "action_flag": 3,
        "change_message": ""
    }
},
{
    "model": "admin.logentry",
    "pk": 77,
    "fields": {
        "action_time": "2023-05-05T16:12:37.579Z",
        "user": 1,
        "content_type": 10,
        "object_id": "13",
        "object_repr": "wycliffeodhiambo",
        "action_flag": 2,
        "change_message": "[{\"changed\": {\"fields\": [\"Address\"]}}]"
    }
},
{
    "model": "admin.logentry",
    "pk": 78,
    "fields": {
        "action_time": "2023-05-05T16:15:46.400Z",
        "user": 1,
        "content_type": 10,
        "object_id": "8",
        "object_repr": "alexmbatha",
        "action_flag": 2,
        "change_message": "[{\"changed\": {\"fields\": [\"Arrears\"]}}]"
    }
},
{
    "model": "admin.logentry",
    "pk": 79,
    "fields": {
        "action_time": "2023-05-08T17:16:03.056Z",
        "user": 1,
        "content_type": 10,
        "object_id": "8",
        "object_repr": "alexmbatha",
        "action_flag": 2,
        "change_message": "[{\"changed\": {\"fields\": [\"Arrears\"]}}]"
    }
},
{
    "model": "admin.logentry",
    "pk": 80,
    "fields": {
        "action_time": "2023-05-08T17:17:01.900Z",
        "user": 1,
        "content_type": 10,
        "object_id": "6",
        "object_repr": "stephenodinyo",
        "action_flag": 2,
        "change_message": "[{\"changed\": {\"fields\": [\"Arrears\"]}}]"
    }
},
{
    "model": "admin.logentry",
    "pk": 81,
    "fields": {
        "action_time": "2023-05-08T17:17:30.539Z",
        "user": 1,
        "content_type": 10,
        "object_id": "11",
        "object_repr": "leonardmatheka",
        "action_flag": 2,
        "change_message": "[{\"changed\": {\"fields\": [\"Arrears\"]}}]"
    }
},
{
    "model": "admin.logentry",
    "pk": 82,
    "fields": {
        "action_time": "2023-05-08T17:17:49.584Z",
        "user": 1,
        "content_type": 10,
        "object_id": "9",
        "object_repr": "danielmalakwen",
        "action_flag": 2,
        "change_message": "[{\"changed\": {\"fields\": [\"Address\", \"Arrears\"]}}]"
    }
},
{
    "model": "admin.logentry",
    "pk": 83,
    "fields": {
        "action_time": "2023-05-08T17:18:09.370Z",
        "user": 1,
        "content_type": 10,
        "object_id": "10",
        "object_repr": "margretkiige",
        "action_flag": 2,
        "change_message": "[{\"changed\": {\"fields\": [\"Arrears\"]}}]"
    }
},
{
    "model": "admin.logentry",
    "pk": 84,
    "fields": {
        "action_time": "2023-05-17T06:29:38.973Z",
        "user": 1,
        "content_type": 7,
        "object_id": "2",
        "object_repr": "Electricity",
        "action_flag": 3,
        "change_message": ""
    }
},
{
    "model": "admin.logentry",
    "pk": 85,
    "fields": {
        "action_time": "2023-05-17T06:30:09.152Z",
        "user": 1,
        "content_type": 7,
        "object_id": "10",
        "object_repr": "Water(Molly)",
        "action_flag": 2,
        "change_message": "[{\"changed\": {\"fields\": [\"Name\"]}}]"
    }
},
{
    "model": "admin.logentry",
    "pk": 86,
    "fields": {
        "action_time": "2023-05-17T06:30:21.705Z",
        "user": 1,
        "content_type": 7,
        "object_id": "9",
        "object_repr": "Water(Wycliffe)",
        "action_flag": 2,
        "change_message": "[{\"changed\": {\"fields\": [\"Name\"]}}]"
    }
},
{
    "model": "admin.logentry",
    "pk": 87,
    "fields": {
        "action_time": "2023-05-17T06:30:34.546Z",
        "user": 1,
        "content_type": 7,
        "object_id": "7",
        "object_repr": "Water(Leonard)",
        "action_flag": 2,
        "change_message": "[{\"changed\": {\"fields\": [\"Name\"]}}]"
    }
},
{
    "model": "admin.logentry",
    "pk": 88,
    "fields": {
        "action_time": "2023-05-17T06:30:48.075Z",
        "user": 1,
        "content_type": 7,
        "object_id": "6",
        "object_repr": "Water(Margret)",
        "action_flag": 2,
        "change_message": "[{\"changed\": {\"fields\": [\"Name\"]}}]"
    }
},
{
    "model": "admin.logentry",
    "pk": 89,
    "fields": {
        "action_time": "2023-05-17T06:31:01.622Z",
        "user": 1,
        "content_type": 7,
        "object_id": "5",
        "object_repr": "Water(Daniel)",
        "action_flag": 2,
        "change_message": "[{\"changed\": {\"fields\": [\"Name\"]}}]"
    }
},
{
    "model": "admin.logentry",
    "pk": 90,
    "fields": {
        "action_time": "2023-05-17T06:31:09.151Z",
        "user": 1,
        "content_type": 7,
        "object_id": "4",
        "object_repr": "Water(Alex)",
        "action_flag": 2,
        "change_message": "[{\"changed\": {\"fields\": [\"Name\"]}}]"
    }
},
{
    "model": "admin.logentry",
    "pk": 91,
    "fields": {
        "action_time": "2023-05-17T06:32:25.446Z",
        "user": 1,
        "content_type": 7,
        "object_id": "10",
        "object_repr": "Water",
        "action_flag": 2,
        "change_message": "[{\"changed\": {\"fields\": [\"Name\"]}}]"
    }
},
{
    "model": "admin.logentry",
    "pk": 92,
    "fields": {
        "action_time": "2023-05-17T06:32:35.370Z",
        "user": 1,
        "content_type": 7,
        "object_id": "9",
        "object_repr": "Water",
        "action_flag": 2,
        "change_message": "[{\"changed\": {\"fields\": [\"Name\"]}}]"
    }
},
{
    "model": "admin.logentry",
    "pk": 93,
    "fields": {
        "action_time": "2023-05-17T06:32:41.480Z",
        "user": 1,
        "content_type": 7,
        "object_id": "7",
        "object_repr": "Water",
        "action_flag": 2,
        "change_message": "[{\"changed\": {\"fields\": [\"Name\"]}}]"
    }
},
{
    "model": "admin.logentry",
    "pk": 94,
    "fields": {
        "action_time": "2023-05-17T06:32:47.459Z",
        "user": 1,
        "content_type": 7,
        "object_id": "6",
        "object_repr": "Water",
        "action_flag": 2,
        "change_message": "[{\"changed\": {\"fields\": [\"Name\"]}}]"
    }
},
{
    "model": "admin.logentry",
    "pk": 95,
    "fields": {
        "action_time": "2023-05-17T06:32:53.459Z",
        "user": 1,
        "content_type": 7,
        "object_id": "5",
        "object_repr": "Water",
        "action_flag": 2,
        "change_message": "[{\"changed\": {\"fields\": [\"Name\"]}}]"
    }
},
{
    "model": "admin.logentry",
    "pk": 96,
    "fields": {
        "action_time": "2023-05-17T06:32:59.648Z",
        "user": 1,
        "content_type": 7,
        "object_id": "4",
        "object_repr": "Water",
        "action_flag": 2,
        "change_message": "[{\"changed\": {\"fields\": [\"Name\"]}}]"
    }
},
{
    "model": "admin.logentry",
    "pk": 97,
    "fields": {
        "action_time": "2023-05-17T08:28:26.609Z",
        "user": 1,
        "content_type": 10,
        "object_id": "10",
        "object_repr": "margretkiige",
        "action_flag": 2,
        "change_message": "[{\"changed\": {\"fields\": [\"Arrears\"]}}]"
    }
},
{
    "model": "admin.logentry",
    "pk": 98,
    "fields": {
        "action_time": "2023-05-18T05:48:35.661Z",
        "user": 1,
        "content_type": 4,
        "object_id": "5",
        "object_repr": "supplierone",
        "action_flag": 2,
        "change_message": "[{\"changed\": {\"fields\": [\"Staff status\"]}}]"
    }
},
{
    "model": "admin.logentry",
    "pk": 99,
    "fields": {
        "action_time": "2023-05-18T05:49:45.208Z",
        "user": 1,
        "content_type": 4,
        "object_id": "5",
        "object_repr": "supplierone",
        "action_flag": 2,
        "change_message": "[{\"changed\": {\"fields\": [\"Staff status\", \"Superuser status\"]}}]"
    }
},
{
    "model": "admin.logentry",
    "pk": 100,
    "fields": {
        "action_time": "2023-05-18T05:50:30.887Z",
        "user": 1,
        "content_type": 4,
        "object_id": "5",
        "object_repr": "supplierone",
        "action_flag": 2,
        "change_message": "[{\"changed\": {\"fields\": [\"Staff status\"]}}]"
    }
},
{
    "model": "admin.logentry",
    "pk": 101,
    "fields": {
        "action_time": "2023-05-19T05:27:21.177Z",
        "user": 1,
        "content_type": 7,
        "object_id": "10",
        "object_repr": "Water(Molly)",
        "action_flag": 2,
        "change_message": "[{\"changed\": {\"fields\": [\"Name\"]}}]"
    }
},
{
    "model": "admin.logentry",
    "pk": 102,
    "fields": {
        "action_time": "2023-05-19T05:27:44.429Z",
        "user": 1,
        "content_type": 8,
        "object_id": "57",
        "object_repr": "0",
        "action_flag": 1,
        "change_message": "[{\"added\": {}}]"
    }
},
{
    "model": "admin.logentry",
    "pk": 103,
    "fields": {
        "action_time": "2023-05-19T05:27:52.778Z",
        "user": 1,
        "content_type": 8,
        "object_id": "58",
        "object_repr": "0",
        "action_flag": 1,
        "change_message": "[{\"added\": {}}]"
    }
},
{
    "model": "admin.logentry",
    "pk": 104,
    "fields": {
        "action_time": "2023-05-19T05:50:25.228Z",
        "user": 1,
        "content_type": 10,
        "object_id": "13",
        "object_repr": "wycliffeodhiambo",
        "action_flag": 2,
        "change_message": "[{\"changed\": {\"fields\": [\"Address\"]}}]"
    }
},
{
    "model": "admin.logentry",
    "pk": 105,
    "fields": {
        "action_time": "2023-05-19T05:51:12.392Z",
        "user": 1,
        "content_type": 10,
        "object_id": "9",
        "object_repr": "danielmalakwen",
        "action_flag": 2,
        "change_message": "[{\"changed\": {\"fields\": [\"Arrears\"]}}]"
    }
},
{
    "model": "admin.logentry",
    "pk": 106,
    "fields": {
        "action_time": "2023-05-19T06:52:01.545Z",
        "user": 1,
        "content_type": 7,
        "object_id": "10",
        "object_repr": "Water(Molly)",
        "action_flag": 2,
        "change_message": "[{\"changed\": {\"fields\": [\"Connectiondate\"]}}]"
    }
},
{
    "model": "admin.logentry",
    "pk": 107,
    "fields": {
        "action_time": "2023-05-19T06:55:30.198Z",
        "user": 1,
        "content_type": 7,
        "object_id": "7",
        "object_repr": "Water",
        "action_flag": 2,
        "change_message": "[{\"changed\": {\"fields\": [\"Connectiondate\"]}}]"
    }
},
{
    "model": "admin.logentry",
    "pk": 108,
    "fields": {
        "action_time": "2023-05-19T06:56:56.630Z",
        "user": 1,
        "content_type": 7,
        "object_id": "6",
        "object_repr": "Water",
        "action_flag": 2,
        "change_message": "[{\"changed\": {\"fields\": [\"Connectiondate\"]}}]"
    }
},
{
    "model": "admin.logentry",
    "pk": 109,
    "fields": {
        "action_time": "2023-05-19T06:58:20.053Z",
        "user": 1,
        "content_type": 7,
        "object_id": "5",
        "object_repr": "Water",
        "action_flag": 2,
        "change_message": "[{\"changed\": {\"fields\": [\"Connectiondate\"]}}]"
    }
},
{
    "model": "admin.logentry",
    "pk": 110,
    "fields": {
        "action_time": "2023-05-19T06:58:56.409Z",
        "user": 1,
        "content_type": 7,
        "object_id": "4",
        "object_repr": "Water",
        "action_flag": 2,
        "change_message": "[{\"changed\": {\"fields\": [\"Connectiondate\"]}}]"
    }
},
{
    "model": "admin.logentry",
    "pk": 111,
    "fields": {
        "action_time": "2023-05-19T07:00:02.962Z",
        "user": 1,
        "content_type": 7,
        "object_id": "3",
        "object_repr": "Water",
        "action_flag": 2,
        "change_message": "[{\"changed\": {\"fields\": [\"Connectiondate\"]}}]"
    }
},
{
    "model": "admin.logentry",
    "pk": 112,
    "fields": {
        "action_time": "2023-06-02T09:19:28.579Z",
        "user": 1,
        "content_type": 10,
        "object_id": "8",
        "object_repr": "alexmbatha",
        "action_flag": 2,
        "change_message": "[{\"changed\": {\"fields\": [\"Arrears\"]}}]"
    }
},
{
    "model": "admin.logentry",
    "pk": 113,
    "fields": {
        "action_time": "2023-06-02T09:19:57.377Z",
        "user": 1,
        "content_type": 10,
        "object_id": "11",
        "object_repr": "leonardmatheka",
        "action_flag": 2,
        "change_message": "[{\"changed\": {\"fields\": [\"Arrears\"]}}]"
    }
},
{
    "model": "admin.logentry",
    "pk": 114,
    "fields": {
        "action_time": "2023-06-02T09:25:54.689Z",
        "user": 1,
        "content_type": 7,
        "object_id": "10",
        "object_repr": "Water",
        "action_flag": 2,
        "change_message": "[{\"changed\": {\"fields\": [\"Name\"]}}]"
    }
},
{
    "model": "admin.logentry",
    "pk": 115,
    "fields": {
        "action_time": "2023-06-02T09:33:23.464Z",
        "user": 1,
        "content_type": 7,
        "object_id": "3",
        "object_repr": "Water(steve)",
        "action_flag": 2,
        "change_message": "[{\"changed\": {\"fields\": [\"Name\"]}}]"
    }
},
{
    "model": "admin.logentry",
    "pk": 116,
    "fields": {
        "action_time": "2023-06-02T09:33:51.789Z",
        "user": 1,
        "content_type": 7,
        "object_id": "1",
        "object_repr": "Water(sup)",
        "action_flag": 2,
        "change_message": "[{\"changed\": {\"fields\": [\"Name\"]}}]"
    }
},
{
    "model": "admin.logentry",
    "pk": 117,
    "fields": {
        "action_time": "2023-06-02T09:34:17.445Z",
        "user": 1,
        "content_type": 7,
        "object_id": "1",
        "object_repr": "Water",
        "action_flag": 2,
        "change_message": "[{\"changed\": {\"fields\": [\"Name\"]}}]"
    }
},
{
    "model": "admin.logentry",
    "pk": 118,
    "fields": {
        "action_time": "2023-06-02T09:34:23.877Z",
        "user": 1,
        "content_type": 7,
        "object_id": "3",
        "object_repr": "Water",
        "action_flag": 2,
        "change_message": "[{\"changed\": {\"fields\": [\"Name\"]}}]"
    }
},
{
    "model": "admin.logentry",
    "pk": 119,
    "fields": {
        "action_time": "2023-06-02T09:57:02.390Z",
        "user": 1,
        "content_type": 8,
        "object_id": "65",
        "object_repr": "72",
        "action_flag": 3,
        "change_message": ""
    }
},
{
    "model": "admin.logentry",
    "pk": 120,
    "fields": {
        "action_time": "2023-06-02T09:57:02.395Z",
        "user": 1,
        "content_type": 8,
        "object_id": "64",
        "object_repr": "256",
        "action_flag": 3,
        "change_message": ""
    }
},
{
    "model": "admin.logentry",
    "pk": 121,
    "fields": {
        "action_time": "2023-06-02T09:57:02.396Z",
        "user": 1,
        "content_type": 8,
        "object_id": "63",
        "object_repr": "4835",
        "action_flag": 3,
        "change_message": ""
    }
},
{
    "model": "admin.logentry",
    "pk": 122,
    "fields": {
        "action_time": "2023-06-02T09:57:02.397Z",
        "user": 1,
        "content_type": 8,
        "object_id": "62",
        "object_repr": "1148",
        "action_flag": 3,
        "change_message": ""
    }
},
{
    "model": "admin.logentry",
    "pk": 123,
    "fields": {
        "action_time": "2023-06-02T09:57:02.398Z",
        "user": 1,
        "content_type": 8,
        "object_id": "61",
        "object_repr": "136",
        "action_flag": 3,
        "change_message": ""
    }
},
{
    "model": "admin.logentry",
    "pk": 124,
    "fields": {
        "action_time": "2023-06-02T09:57:02.398Z",
        "user": 1,
        "content_type": 8,
        "object_id": "60",
        "object_repr": "899",
        "action_flag": 3,
        "change_message": ""
    }
},
{
    "model": "admin.logentry",
    "pk": 125,
    "fields": {
        "action_time": "2023-06-02T09:57:02.399Z",
        "user": 1,
        "content_type": 8,
        "object_id": "59",
        "object_repr": "6426",
        "action_flag": 3,
        "change_message": ""
    }
},
{
    "model": "admin.logentry",
    "pk": 126,
    "fields": {
        "action_time": "2023-06-02T11:36:15.173Z",
        "user": 1,
        "content_type": 8,
        "object_id": "72",
        "object_repr": "72 wycliffeodhiambo",
        "action_flag": 3,
        "change_message": ""
    }
},
{
    "model": "admin.logentry",
    "pk": 127,
    "fields": {
        "action_time": "2023-06-02T11:42:28.913Z",
        "user": 1,
        "content_type": 10,
        "object_id": "8",
        "object_repr": "alexmbatha",
        "action_flag": 2,
        "change_message": "[{\"changed\": {\"fields\": [\"UserID\"]}}]"
    }
},
{
    "model": "admin.logentry",
    "pk": 128,
    "fields": {
        "action_time": "2023-06-02T11:42:44.003Z",
        "user": 1,
        "content_type": 10,
        "object_id": "9",
        "object_repr": "danielmalakwen",
        "action_flag": 2,
        "change_message": "[{\"changed\": {\"fields\": [\"UserID\"]}}]"
    }
},
{
    "model": "admin.logentry",
    "pk": 129,
    "fields": {
        "action_time": "2023-06-02T11:42:57.542Z",
        "user": 1,
        "content_type": 10,
        "object_id": "10",
        "object_repr": "margretkiige",
        "action_flag": 2,
        "change_message": "[{\"changed\": {\"fields\": [\"UserID\"]}}]"
    }
},
{
    "model": "admin.logentry",
    "pk": 130,
    "fields": {
        "action_time": "2023-06-02T11:43:26.223Z",
        "user": 1,
        "content_type": 10,
        "object_id": "11",
        "object_repr": "leonardmatheka",
        "action_flag": 2,
        "change_message": "[{\"changed\": {\"fields\": [\"UserID\"]}}]"
    }
},
{
    "model": "admin.logentry",
    "pk": 131,
    "fields": {
        "action_time": "2023-06-02T11:43:38.338Z",
        "user": 1,
        "content_type": 10,
        "object_id": "6",
        "object_repr": "stephenodinyo",
        "action_flag": 2,
        "change_message": "[{\"changed\": {\"fields\": [\"UserID\"]}}]"
    }
},
{
    "model": "admin.logentry",
    "pk": 132,
    "fields": {
        "action_time": "2023-06-02T11:43:54.552Z",
        "user": 1,
        "content_type": 10,
        "object_id": "4",
        "object_repr": "darryl",
        "action_flag": 2,
        "change_message": "[{\"changed\": {\"fields\": [\"UserID\"]}}]"
    }
},
{
    "model": "admin.logentry",
    "pk": 133,
    "fields": {
        "action_time": "2023-06-02T11:46:48.323Z",
        "user": 1,
        "content_type": 10,
        "object_id": "12",
        "object_repr": "mollyakinyi",
        "action_flag": 2,
        "change_message": "[{\"changed\": {\"fields\": [\"UserID\"]}}]"
    }
},
{
    "model": "admin.logentry",
    "pk": 134,
    "fields": {
        "action_time": "2023-06-02T11:47:03.854Z",
        "user": 1,
        "content_type": 10,
        "object_id": "13",
        "object_repr": "wycliffeodhiambo",
        "action_flag": 2,
        "change_message": "[{\"changed\": {\"fields\": [\"UserID\"]}}]"
    }
},
{
    "model": "admin.logentry",
    "pk": 135,
    "fields": {
        "action_time": "2023-06-02T11:54:25.169Z",
        "user": 1,
        "content_type": 10,
        "object_id": "8",
        "object_repr": "alexmbatha",
        "action_flag": 2,
        "change_message": "[{\"changed\": {\"fields\": [\"Prepayment\"]}}]"
    }
},
{
    "model": "admin.logentry",
    "pk": 136,
    "fields": {
        "action_time": "2023-06-02T12:08:31.842Z",
        "user": 1,
        "content_type": 10,
        "object_id": "6",
        "object_repr": "stephenodinyo",
        "action_flag": 2,
        "change_message": "[{\"changed\": {\"fields\": [\"Arrears\"]}}]"
    }
},
{
    "model": "admin.logentry",
    "pk": 137,
    "fields": {
        "action_time": "2023-06-05T17:52:05.364Z",
        "user": 1,
        "content_type": 8,
        "object_id": "68",
        "object_repr": "13 margretkiige",
        "action_flag": 2,
        "change_message": "[{\"changed\": {\"fields\": [\"Reading\"]}}]"
    }
},
{
    "model": "admin.logentry",
    "pk": 138,
    "fields": {
        "action_time": "2023-06-05T17:53:22.587Z",
        "user": 1,
        "content_type": 8,
        "object_id": "68",
        "object_repr": "13.6 margretkiige",
        "action_flag": 2,
        "change_message": "[{\"changed\": {\"fields\": [\"Reading\"]}}]"
    }
},
{
    "model": "admin.logentry",
    "pk": 139,
    "fields": {
        "action_time": "2023-06-05T17:53:39.155Z",
        "user": 1,
        "content_type": 8,
        "object_id": "69",
        "object_repr": "114.8 danielmalakwen",
        "action_flag": 2,
        "change_message": "[{\"changed\": {\"fields\": [\"Reading\"]}}]"
    }
},
{
    "model": "admin.logentry",
    "pk": 140,
    "fields": {
        "action_time": "2023-06-05T17:53:53.229Z",
        "user": 1,
        "content_type": 8,
        "object_id": "70",
        "object_repr": "483.5 leonardmatheka",
        "action_flag": 2,
        "change_message": "[{\"changed\": {\"fields\": [\"Reading\"]}}]"
    }
},
{
    "model": "admin.logentry",
    "pk": 141,
    "fields": {
        "action_time": "2023-06-05T17:54:09.971Z",
        "user": 1,
        "content_type": 8,
        "object_id": "71",
        "object_repr": "25.6 mollyakinyi",
        "action_flag": 2,
        "change_message": "[{\"changed\": {\"fields\": [\"Reading\"]}}]"
    }
},
{
    "model": "admin.logentry",
    "pk": 142,
    "fields": {
        "action_time": "2023-06-05T17:54:18.590Z",
        "user": 1,
        "content_type": 8,
        "object_id": "74",
        "object_repr": "7.2 wycliffeodhiambo",
        "action_flag": 2,
        "change_message": "[{\"changed\": {\"fields\": [\"Reading\"]}}]"
    }
},
{
    "model": "admin.logentry",
    "pk": 143,
    "fields": {
        "action_time": "2023-06-07T11:38:39.179Z",
        "user": 1,
        "content_type": 10,
        "object_id": "12",
        "object_repr": "mollyakinyi",
        "action_flag": 2,
        "change_message": "[{\"changed\": {\"fields\": [\"Address\", \"Phone\"]}}]"
    }
},
{
    "model": "admin.logentry",
    "pk": 144,
    "fields": {
        "action_time": "2023-06-07T11:39:50.952Z",
        "user": 1,
        "content_type": 4,
        "object_id": "15",
        "object_repr": "mollyakinyi",
        "action_flag": 2,
        "change_message": "[{\"changed\": {\"fields\": [\"Email address\"]}}]"
    }
},
{
    "model": "admin.logentry",
    "pk": 145,
    "fields": {
        "action_time": "2023-06-07T11:44:28.801Z",
        "user": 1,
        "content_type": 10,
        "object_id": "8",
        "object_repr": "alexmbatha",
        "action_flag": 2,
        "change_message": "[{\"changed\": {\"fields\": [\"Arrears\"]}}]"
    }
},
{
    "model": "admin.logentry",
    "pk": 146,
    "fields": {
        "action_time": "2023-06-07T11:55:36.799Z",
        "user": 1,
        "content_type": 10,
        "object_id": "8",
        "object_repr": "alexmbatha",
        "action_flag": 2,
        "change_message": "[{\"changed\": {\"fields\": [\"Prepayment\"]}}]"
    }
},
{
    "model": "admin.logentry",
    "pk": 147,
    "fields": {
        "action_time": "2023-06-12T10:00:58.392Z",
        "user": 5,
        "content_type": 10,
        "object_id": "4",
        "object_repr": "darryl",
        "action_flag": 2,
        "change_message": "[{\"changed\": {\"fields\": [\"Prepayment\"]}}]"
    }
},
{
    "model": "admin.logentry",
    "pk": 148,
    "fields": {
        "action_time": "2023-06-12T10:01:55.165Z",
        "user": 5,
        "content_type": 10,
        "object_id": "4",
        "object_repr": "darryl",
        "action_flag": 2,
        "change_message": "[{\"changed\": {\"fields\": [\"Prepayment\"]}}]"
    }
},
{
    "model": "admin.logentry",
    "pk": 149,
    "fields": {
        "action_time": "2023-06-12T10:12:02.496Z",
        "user": 5,
        "content_type": 10,
        "object_id": "4",
        "object_repr": "darryl",
        "action_flag": 2,
        "change_message": "[{\"changed\": {\"fields\": [\"Arrears\"]}}]"
    }
},
{
    "model": "admin.logentry",
    "pk": 150,
    "fields": {
        "action_time": "2023-06-12T11:31:42.595Z",
        "user": 5,
        "content_type": 8,
        "object_id": "81",
        "object_repr": "1141.0 darryl",
        "action_flag": 3,
        "change_message": ""
    }
},
{
    "model": "admin.logentry",
    "pk": 151,
    "fields": {
        "action_time": "2023-06-12T11:31:42.603Z",
        "user": 5,
        "content_type": 8,
        "object_id": "80",
        "object_repr": "1140.0 darryl",
        "action_flag": 3,
        "change_message": ""
    }
},
{
    "model": "admin.logentry",
    "pk": 152,
    "fields": {
        "action_time": "2023-06-12T11:31:42.605Z",
        "user": 5,
        "content_type": 8,
        "object_id": "79",
        "object_repr": "1132.0 darryl",
        "action_flag": 3,
        "change_message": ""
    }
},
{
    "model": "admin.logentry",
    "pk": 153,
    "fields": {
        "action_time": "2023-06-12T11:31:42.606Z",
        "user": 5,
        "content_type": 8,
        "object_id": "78",
        "object_repr": "1131.0 darryl",
        "action_flag": 3,
        "change_message": ""
    }
},
{
    "model": "admin.logentry",
    "pk": 154,
    "fields": {
        "action_time": "2023-06-12T11:31:42.607Z",
        "user": 5,
        "content_type": 8,
        "object_id": "77",
        "object_repr": "1130.0 darryl",
        "action_flag": 3,
        "change_message": ""
    }
},
{
    "model": "admin.logentry",
    "pk": 155,
    "fields": {
        "action_time": "2023-06-12T11:33:32.953Z",
        "user": 5,
        "content_type": 10,
        "object_id": "4",
        "object_repr": "darryl",
        "action_flag": 2,
        "change_message": "[{\"changed\": {\"fields\": [\"Arrears\", \"Previousarrears\"]}}]"
    }
},
{
    "model": "admin.logentry",
    "pk": 156,
    "fields": {
        "action_time": "2023-06-12T13:18:08.391Z",
        "user": 5,
        "content_type": 8,
        "object_id": "67",
        "object_repr": "899.0 alexmbatha",
        "action_flag": 3,
        "change_message": ""
    }
},
{
    "model": "admin.logentry",
    "pk": 157,
    "fields": {
        "action_time": "2023-06-12T13:23:24.223Z",
        "user": 5,
        "content_type": 8,
        "object_id": "69",
        "object_repr": "114.8 danielmalakwen",
        "action_flag": 3,
        "change_message": ""
    }
},
{
    "model": "admin.logentry",
    "pk": 158,
    "fields": {
        "action_time": "2023-06-12T13:30:03.896Z",
        "user": 5,
        "content_type": 8,
        "object_id": "68",
        "object_repr": "13.6 margretkiige",
        "action_flag": 3,
        "change_message": ""
    }
},
{
    "model": "admin.logentry",
    "pk": 159,
    "fields": {
        "action_time": "2023-06-12T13:32:58.273Z",
        "user": 5,
        "content_type": 8,
        "object_id": "70",
        "object_repr": "483.5 leonardmatheka",
        "action_flag": 3,
        "change_message": ""
    }
},
{
    "model": "admin.logentry",
    "pk": 160,
    "fields": {
        "action_time": "2023-06-12T13:34:32.048Z",
        "user": 5,
        "content_type": 8,
        "object_id": "71",
        "object_repr": "25.6 mollyakinyi",
        "action_flag": 3,
        "change_message": ""
    }
},
{
    "model": "admin.logentry",
    "pk": 161,
    "fields": {
        "action_time": "2023-06-12T13:36:15.234Z",
        "user": 5,
        "content_type": 8,
        "object_id": "66",
        "object_repr": "6426.0 stephenodinyo",
        "action_flag": 3,
        "change_message": ""
    }
},
{
    "model": "admin.logentry",
    "pk": 162,
    "fields": {
        "action_time": "2023-06-12T13:40:05.013Z",
        "user": 5,
        "content_type": 8,
        "object_id": "74",
        "object_repr": "7.2 wycliffeodhiambo",
        "action_flag": 3,
        "change_message": ""
    }
},
{
    "model": "admin.logentry",
    "pk": 163,
    "fields": {
        "action_time": "2023-06-19T06:36:23.765Z",
        "user": 1,
        "content_type": 10,
        "object_id": "10",
        "object_repr": "margretkiige",
        "action_flag": 2,
        "change_message": "[{\"changed\": {\"fields\": [\"Arrears\"]}}]"
    }
},
{
    "model": "admin.logentry",
    "pk": 164,
    "fields": {
        "action_time": "2023-06-21T05:54:01.439Z",
        "user": 1,
        "content_type": 4,
        "object_id": "17",
        "object_repr": "random",
        "action_flag": 3,
        "change_message": ""
    }
},
{
    "model": "admin.logentry",
    "pk": 165,
    "fields": {
        "action_time": "2023-06-21T05:57:07.669Z",
        "user": 1,
        "content_type": 4,
        "object_id": "18",
        "object_repr": "random",
        "action_flag": 3,
        "change_message": ""
    }
},
{
    "model": "admin.logentry",
    "pk": 166,
    "fields": {
        "action_time": "2023-06-21T06:01:53.551Z",
        "user": 1,
        "content_type": 4,
        "object_id": "19",
        "object_repr": "random",
        "action_flag": 3,
        "change_message": ""
    }
},
{
    "model": "admin.logentry",
    "pk": 167,
    "fields": {
        "action_time": "2023-06-21T06:06:21.427Z",
        "user": 1,
        "content_type": 4,
        "object_id": "20",
        "object_repr": "random",
        "action_flag": 3,
        "change_message": ""
    }
},
{
    "model": "admin.logentry",
    "pk": 168,
    "fields": {
        "action_time": "2023-06-23T11:48:51.127Z",
        "user": 1,
        "content_type": 11,
        "object_id": "6",
        "object_repr": "6",
        "action_flag": 3,
        "change_message": ""
    }
},
{
    "model": "admin.logentry",
    "pk": 169,
    "fields": {
        "action_time": "2023-06-23T11:48:51.136Z",
        "user": 1,
        "content_type": 11,
        "object_id": "5",
        "object_repr": "5",
        "action_flag": 3,
        "change_message": ""
    }
},
{
    "model": "admin.logentry",
    "pk": 170,
    "fields": {
        "action_time": "2023-06-23T11:48:51.137Z",
        "user": 1,
        "content_type": 11,
        "object_id": "1",
        "object_repr": "1",
        "action_flag": 3,
        "change_message": ""
    }
},
{
    "model": "admin.logentry",
    "pk": 171,
    "fields": {
        "action_time": "2023-06-23T12:01:06.162Z",
        "user": 1,
        "content_type": 11,
        "object_id": "7",
        "object_repr": "7",
        "action_flag": 3,
        "change_message": ""
    }
},
{
    "model": "admin.logentry",
    "pk": 172,
    "fields": {
        "action_time": "2023-06-23T13:05:15.199Z",
        "user": 1,
        "content_type": 11,
        "object_id": "8",
        "object_repr": "8",
        "action_flag": 2,
        "change_message": "[{\"changed\": {\"fields\": [\"Meternumber\", \"Rate\", \"Status\"]}}]"
    }
},
{
    "model": "auth.permission",
    "pk": 1,
    "fields": {
        "name": "Can add log entry",
        "content_type": 1,
        "codename": "add_logentry"
    }
},
{
    "model": "auth.permission",
    "pk": 2,
    "fields": {
        "name": "Can change log entry",
        "content_type": 1,
        "codename": "change_logentry"
    }
},
{
    "model": "auth.permission",
    "pk": 3,
    "fields": {
        "name": "Can delete log entry",
        "content_type": 1,
        "codename": "delete_logentry"
    }
},
{
    "model": "auth.permission",
    "pk": 4,
    "fields": {
        "name": "Can view log entry",
        "content_type": 1,
        "codename": "view_logentry"
    }
},
{
    "model": "auth.permission",
    "pk": 5,
    "fields": {
        "name": "Can add permission",
        "content_type": 2,
        "codename": "add_permission"
    }
},
{
    "model": "auth.permission",
    "pk": 6,
    "fields": {
        "name": "Can change permission",
        "content_type": 2,
        "codename": "change_permission"
    }
},
{
    "model": "auth.permission",
    "pk": 7,
    "fields": {
        "name": "Can delete permission",
        "content_type": 2,
        "codename": "delete_permission"
    }
},
{
    "model": "auth.permission",
    "pk": 8,
    "fields": {
        "name": "Can view permission",
        "content_type": 2,
        "codename": "view_permission"
    }
},
{
    "model": "auth.permission",
    "pk": 9,
    "fields": {
        "name": "Can add group",
        "content_type": 3,
        "codename": "add_group"
    }
},
{
    "model": "auth.permission",
    "pk": 10,
    "fields": {
        "name": "Can change group",
        "content_type": 3,
        "codename": "change_group"
    }
},
{
    "model": "auth.permission",
    "pk": 11,
    "fields": {
        "name": "Can delete group",
        "content_type": 3,
        "codename": "delete_group"
    }
},
{
    "model": "auth.permission",
    "pk": 12,
    "fields": {
        "name": "Can view group",
        "content_type": 3,
        "codename": "view_group"
    }
},
{
    "model": "auth.permission",
    "pk": 13,
    "fields": {
        "name": "Can add user",
        "content_type": 4,
        "codename": "add_user"
    }
},
{
    "model": "auth.permission",
    "pk": 14,
    "fields": {
        "name": "Can change user",
        "content_type": 4,
        "codename": "change_user"
    }
},
{
    "model": "auth.permission",
    "pk": 15,
    "fields": {
        "name": "Can delete user",
        "content_type": 4,
        "codename": "delete_user"
    }
},
{
    "model": "auth.permission",
    "pk": 16,
    "fields": {
        "name": "Can view user",
        "content_type": 4,
        "codename": "view_user"
    }
},
{
    "model": "auth.permission",
    "pk": 17,
    "fields": {
        "name": "Can add content type",
        "content_type": 5,
        "codename": "add_contenttype"
    }
},
{
    "model": "auth.permission",
    "pk": 18,
    "fields": {
        "name": "Can change content type",
        "content_type": 5,
        "codename": "change_contenttype"
    }
},
{
    "model": "auth.permission",
    "pk": 19,
    "fields": {
        "name": "Can delete content type",
        "content_type": 5,
        "codename": "delete_contenttype"
    }
},
{
    "model": "auth.permission",
    "pk": 20,
    "fields": {
        "name": "Can view content type",
        "content_type": 5,
        "codename": "view_contenttype"
    }
},
{
    "model": "auth.permission",
    "pk": 21,
    "fields": {
        "name": "Can add session",
        "content_type": 6,
        "codename": "add_session"
    }
},
{
    "model": "auth.permission",
    "pk": 22,
    "fields": {
        "name": "Can change session",
        "content_type": 6,
        "codename": "change_session"
    }
},
{
    "model": "auth.permission",
    "pk": 23,
    "fields": {
        "name": "Can delete session",
        "content_type": 6,
        "codename": "delete_session"
    }
},
{
    "model": "auth.permission",
    "pk": 24,
    "fields": {
        "name": "Can view session",
        "content_type": 6,
        "codename": "view_session"
    }
},
{
    "model": "auth.permission",
    "pk": 25,
    "fields": {
        "name": "Can add utility",
        "content_type": 7,
        "codename": "add_utility"
    }
},
{
    "model": "auth.permission",
    "pk": 26,
    "fields": {
        "name": "Can change utility",
        "content_type": 7,
        "codename": "change_utility"
    }
},
{
    "model": "auth.permission",
    "pk": 27,
    "fields": {
        "name": "Can delete utility",
        "content_type": 7,
        "codename": "delete_utility"
    }
},
{
    "model": "auth.permission",
    "pk": 28,
    "fields": {
        "name": "Can view utility",
        "content_type": 7,
        "codename": "view_utility"
    }
},
{
    "model": "auth.permission",
    "pk": 29,
    "fields": {
        "name": "Can add reading",
        "content_type": 8,
        "codename": "add_reading"
    }
},
{
    "model": "auth.permission",
    "pk": 30,
    "fields": {
        "name": "Can change reading",
        "content_type": 8,
        "codename": "change_reading"
    }
},
{
    "model": "auth.permission",
    "pk": 31,
    "fields": {
        "name": "Can delete reading",
        "content_type": 8,
        "codename": "delete_reading"
    }
},
{
    "model": "auth.permission",
    "pk": 32,
    "fields": {
        "name": "Can view reading",
        "content_type": 8,
        "codename": "view_reading"
    }
},
{
    "model": "auth.permission",
    "pk": 33,
    "fields": {
        "name": "Can add invoice",
        "content_type": 9,
        "codename": "add_invoice"
    }
},
{
    "model": "auth.permission",
    "pk": 34,
    "fields": {
        "name": "Can change invoice",
        "content_type": 9,
        "codename": "change_invoice"
    }
},
{
    "model": "auth.permission",
    "pk": 35,
    "fields": {
        "name": "Can delete invoice",
        "content_type": 9,
        "codename": "delete_invoice"
    }
},
{
    "model": "auth.permission",
    "pk": 36,
    "fields": {
        "name": "Can view invoice",
        "content_type": 9,
        "codename": "view_invoice"
    }
},
{
    "model": "auth.permission",
    "pk": 37,
    "fields": {
        "name": "Can add profile",
        "content_type": 10,
        "codename": "add_profile"
    }
},
{
    "model": "auth.permission",
    "pk": 38,
    "fields": {
        "name": "Can change profile",
        "content_type": 10,
        "codename": "change_profile"
    }
},
{
    "model": "auth.permission",
    "pk": 39,
    "fields": {
        "name": "Can delete profile",
        "content_type": 10,
        "codename": "delete_profile"
    }
},
{
    "model": "auth.permission",
    "pk": 40,
    "fields": {
        "name": "Can view profile",
        "content_type": 10,
        "codename": "view_profile"
    }
},
{
    "model": "auth.permission",
    "pk": 41,
    "fields": {
        "name": "Can add contract",
        "content_type": 11,
        "codename": "add_contract"
    }
},
{
    "model": "auth.permission",
    "pk": 42,
    "fields": {
        "name": "Can change contract",
        "content_type": 11,
        "codename": "change_contract"
    }
},
{
    "model": "auth.permission",
    "pk": 43,
    "fields": {
        "name": "Can delete contract",
        "content_type": 11,
        "codename": "delete_contract"
    }
},
{
    "model": "auth.permission",
    "pk": 44,
    "fields": {
        "name": "Can view contract",
        "content_type": 11,
        "codename": "view_contract"
    }
},
{
    "model": "auth.permission",
    "pk": 45,
    "fields": {
        "name": "Can add payment details",
        "content_type": 12,
        "codename": "add_paymentdetails"
    }
},
{
    "model": "auth.permission",
    "pk": 46,
    "fields": {
        "name": "Can change payment details",
        "content_type": 12,
        "codename": "change_paymentdetails"
    }
},
{
    "model": "auth.permission",
    "pk": 47,
    "fields": {
        "name": "Can delete payment details",
        "content_type": 12,
        "codename": "delete_paymentdetails"
    }
},
{
    "model": "auth.permission",
    "pk": 48,
    "fields": {
        "name": "Can view payment details",
        "content_type": 12,
        "codename": "view_paymentdetails"
    }
},
{
    "model": "auth.permission",
    "pk": 49,
    "fields": {
        "name": "Can add access token",
        "content_type": 13,
        "codename": "add_accesstoken"
    }
},
{
    "model": "auth.permission",
    "pk": 50,
    "fields": {
        "name": "Can change access token",
        "content_type": 13,
        "codename": "change_accesstoken"
    }
},
{
    "model": "auth.permission",
    "pk": 51,
    "fields": {
        "name": "Can delete access token",
        "content_type": 13,
        "codename": "delete_accesstoken"
    }
},
{
    "model": "auth.permission",
    "pk": 52,
    "fields": {
        "name": "Can view access token",
        "content_type": 13,
        "codename": "view_accesstoken"
    }
},
{
    "model": "auth.user",
    "pk": 1,
    "fields": {
        "password": "pbkdf2_sha256$600000$U314X5QlWfZ81MhNtTPknD$DxLk32pim2VABSvFzo1utXcNWD12dYGyqcXhqt+LXE0=",
        "last_login": "2023-06-27T05:18:43.824Z",
        "is_superuser": true,
        "username": "darryl",
        "first_name": "darryl",
        "last_name": "mbatia",
        "email": "darryl@gmail.com",
        "is_staff": true,
        "is_active": true,
        "date_joined": "2023-03-29T06:12:41Z",
        "groups": [],
        "user_permissions": []
    }
},
{
    "model": "auth.user",
    "pk": 4,
    "fields": {
        "password": "pbkdf2_sha256$600000$ophKlVvpy7b36fpil597cj$pF6Q4yQgMFdwjHNH1usSvPyiZZvtVrsUdqxX3dqypR0=",
        "last_login": null,
        "is_superuser": true,
        "username": "jason",
        "first_name": "",
        "last_name": "",
        "email": "jason@gmail.com",
        "is_staff": true,
        "is_active": true,
        "date_joined": "2023-04-25T05:51:27.769Z",
        "groups": [],
        "user_permissions": []
    }
},
{
    "model": "auth.user",
    "pk": 5,
    "fields": {
        "password": "pbkdf2_sha256$600000$fFyS3pThIKOfIU6z9HcYYj$cVHXSoiiICcF4+NevM/f0LCV80x1vxt49Cbs23bY0M4=",
        "last_login": "2023-06-27T05:18:18.013Z",
        "is_superuser": true,
        "username": "supplierone",
        "first_name": "",
        "last_name": "",
        "email": "",
        "is_staff": true,
        "is_active": true,
        "date_joined": "2023-04-26T10:33:19Z",
        "groups": [],
        "user_permissions": []
    }
},
{
    "model": "auth.user",
    "pk": 7,
    "fields": {
        "password": "pbkdf2_sha256$600000$VgC3uBbUmcdNeVXqmVc4iS$b66BHBmnpSzchTSh9F/f6MZJsgJ/8/LwK4Ewa5/X3G4=",
        "last_login": "2023-04-26T11:29:47.421Z",
        "is_superuser": false,
        "username": "james",
        "first_name": "",
        "last_name": "",
        "email": "james@gmail.com",
        "is_staff": false,
        "is_active": true,
        "date_joined": "2023-04-26T11:29:46.357Z",
        "groups": [],
        "user_permissions": []
    }
},
{
    "model": "auth.user",
    "pk": 8,
    "fields": {
        "password": "pbkdf2_sha256$600000$U3AsSpRQTWRu11GbZIdcsF$3FXyZM3TwYVsgtGrgzX9RN557gpr2kzR8O+zqVLH5To=",
        "last_login": "2023-04-27T09:52:10.896Z",
        "is_superuser": false,
        "username": "joe",
        "first_name": "Joe",
        "last_name": "Mama",
        "email": "joe@gmail.com",
        "is_staff": false,
        "is_active": true,
        "date_joined": "2023-04-27T09:50:58.422Z",
        "groups": [],
        "user_permissions": []
    }
},
{
    "model": "auth.user",
    "pk": 9,
    "fields": {
        "password": "pbkdf2_sha256$600000$GQRLMJSjFZmSn3rlCLcDQx$RpYh8RW6OIFJXXOuh23/Av7R9bg0kyfXKRgu/jbTubY=",
        "last_login": "2023-06-05T19:10:15.944Z",
        "is_superuser": false,
        "username": "stephenodinyo",
        "first_name": "Stephen",
        "last_name": "Odinyo",
        "email": "stephen@gmail.com",
        "is_staff": true,
        "is_active": true,
        "date_joined": "2023-04-28T05:16:53Z",
        "groups": [],
        "user_permissions": []
    }
},
{
    "model": "auth.user",
    "pk": 10,
    "fields": {
        "password": "pbkdf2_sha256$600000$R2gwtXb1WEbl7mmunnwDRg$t0DIMCaubaIH/mhxKKAEwhOkCSFPvj1Mv8k8KDgLj/E=",
        "last_login": "2023-04-28T07:50:17.043Z",
        "is_superuser": false,
        "username": "test",
        "first_name": "test",
        "last_name": "test",
        "email": "test@gmail.com",
        "is_staff": false,
        "is_active": true,
        "date_joined": "2023-04-28T07:50:15.876Z",
        "groups": [],
        "user_permissions": []
    }
},
{
    "model": "auth.user",
    "pk": 11,
    "fields": {
        "password": "pbkdf2_sha256$600000$BgkmzbOF44XsefyFcwstTJ$5PQMnhC2BE3sQY+SW5dEGpYmI4lQ6m5lyZnbha6kY7w=",
        "last_login": "2023-06-20T06:39:53.114Z",
        "is_superuser": false,
        "username": "alexmbatha",
        "first_name": "Alex",
        "last_name": "Mbatha",
        "email": "alexmbatha@gmail.com",
        "is_staff": false,
        "is_active": true,
        "date_joined": "2023-05-04T10:42:18.492Z",
        "groups": [],
        "user_permissions": []
    }
},
{
    "model": "auth.user",
    "pk": 12,
    "fields": {
        "password": "pbkdf2_sha256$600000$IqqGdqBmELe52iriKsTKXB$SMo/H2G7yDP+LDKQPUE/MKfso7CFQkBLFCajo/a8BS4=",
        "last_login": "2023-06-19T06:20:49.117Z",
        "is_superuser": false,
        "username": "danielmalakwen",
        "first_name": "Daniel",
        "last_name": "Malakwen",
        "email": "danielmalakwen@gmail.com",
        "is_staff": false,
        "is_active": true,
        "date_joined": "2023-05-04T10:44:30.627Z",
        "groups": [],
        "user_permissions": []
    }
},
{
    "model": "auth.user",
    "pk": 13,
    "fields": {
        "password": "pbkdf2_sha256$600000$Cd9Grbfp272rMSZXqdugQU$SprCeaC3QTXduZcFwk4M2OJ48aWw/BEhKNDpYoMmHvU=",
        "last_login": "2023-06-19T06:35:23.804Z",
        "is_superuser": false,
        "username": "margretkiige",
        "first_name": "Margret",
        "last_name": "Kiige",
        "email": "margretkiige@gmail.com",
        "is_staff": false,
        "is_active": true,
        "date_joined": "2023-05-04T10:47:49.926Z",
        "groups": [],
        "user_permissions": []
    }
},
{
    "model": "auth.user",
    "pk": 14,
    "fields": {
        "password": "pbkdf2_sha256$600000$sbDKUKRd2jeDSvzSrqJJdE$TzTQ7/PCqCby5A790pJD2FdEksTgTATqfxsEjyDiy9k=",
        "last_login": "2023-06-05T19:12:36.663Z",
        "is_superuser": false,
        "username": "leonardmatheka",
        "first_name": "Leonard",
        "last_name": "Matheka",
        "email": "leonardmatheka@gmail.com",
        "is_staff": false,
        "is_active": true,
        "date_joined": "2023-05-04T10:49:51.805Z",
        "groups": [],
        "user_permissions": []
    }
},
{
    "model": "auth.user",
    "pk": 15,
    "fields": {
        "password": "pbkdf2_sha256$600000$2LYPMvilduPFWzCtr6LwNB$hSxAQQ/SFp4OVrcHgcUUgd5FDdQi4jxM0mwOFOXW4s8=",
        "last_login": "2023-06-09T11:33:21.098Z",
        "is_superuser": false,
        "username": "mollyakinyi",
        "first_name": "Molly",
        "last_name": "Akinyi",
        "email": "mollyakinyi38@gmail.com",
        "is_staff": false,
        "is_active": true,
        "date_joined": "2023-05-04T10:55:54Z",
        "groups": [],
        "user_permissions": []
    }
},
{
    "model": "auth.user",
    "pk": 16,
    "fields": {
        "password": "pbkdf2_sha256$600000$gCx6EFZedtrkfntQMTN2ro$CM152q8nKJPgE9vJtnX+dOu7PRjWXiVV7KCGPNM3+Fc=",
        "last_login": "2023-06-05T19:14:31.239Z",
        "is_superuser": false,
        "username": "wycliffeodhiambo",
        "first_name": "Wycliffe",
        "last_name": "Odhiambo",
        "email": "wycliffeodhiambo@gmail.com",
        "is_staff": false,
        "is_active": true,
        "date_joined": "2023-05-05T15:20:54.318Z",
        "groups": [],
        "user_permissions": []
    }
},
{
    "model": "auth.user",
    "pk": 21,
    "fields": {
        "password": "pbkdf2_sha256$600000$Fn3bhn1Db7CID3TQDyBmfZ$ClQwhsLhSOQMVQ1X2OOZzLkY0mC7IcnV7cr4hlKmHQE=",
        "last_login": "2023-06-21T06:07:00.931Z",
        "is_superuser": false,
        "username": "random",
        "first_name": "random",
        "last_name": "user",
        "email": "randomemail@gmail.com",
        "is_staff": false,
        "is_active": true,
        "date_joined": "2023-06-21T06:07:00.495Z",
        "groups": [],
        "user_permissions": []
    }
},
{
    "model": "contenttypes.contenttype",
    "pk": 1,
    "fields": {
        "app_label": "admin",
        "model": "logentry"
    }
},
{
    "model": "contenttypes.contenttype",
    "pk": 2,
    "fields": {
        "app_label": "auth",
        "model": "permission"
    }
},
{
    "model": "contenttypes.contenttype",
    "pk": 3,
    "fields": {
        "app_label": "auth",
        "model": "group"
    }
},
{
    "model": "contenttypes.contenttype",
    "pk": 4,
    "fields": {
        "app_label": "auth",
        "model": "user"
    }
},
{
    "model": "contenttypes.contenttype",
    "pk": 5,
    "fields": {
        "app_label": "contenttypes",
        "model": "contenttype"
    }
},
{
    "model": "contenttypes.contenttype",
    "pk": 6,
    "fields": {
        "app_label": "sessions",
        "model": "session"
    }
},
{
    "model": "contenttypes.contenttype",
    "pk": 7,
    "fields": {
        "app_label": "base",
        "model": "utility"
    }
},
{
    "model": "contenttypes.contenttype",
    "pk": 8,
    "fields": {
        "app_label": "base",
        "model": "reading"
    }
},
{
    "model": "contenttypes.contenttype",
    "pk": 9,
    "fields": {
        "app_label": "base",
        "model": "invoice"
    }
},
{
    "model": "contenttypes.contenttype",
    "pk": 10,
    "fields": {
        "app_label": "base",
        "model": "profile"
    }
},
{
    "model": "contenttypes.contenttype",
    "pk": 11,
    "fields": {
        "app_label": "base",
        "model": "contract"
    }
},
{
    "model": "contenttypes.contenttype",
    "pk": 12,
    "fields": {
        "app_label": "base",
        "model": "paymentdetails"
    }
},
{
    "model": "contenttypes.contenttype",
    "pk": 13,
    "fields": {
        "app_label": "django_daraja",
        "model": "accesstoken"
    }
},
{
    "model": "sessions.session",
    "pk": "1go5xb0v6zsln9a31he2jg8p552uc22p",
    "fields": {
        "session_data": ".eJxVjEsOAiEQRO_C2hBghk-7dO8ZJg3dyKiBZD4r492VZBa6q9R7VS8x4b6VaV95mWYSZ6HF6beLmB5cO6A71luTqdVtmaPsijzoKq-N-Hk53L-Dgmvpa6cHIB_YM5N1hHpk4wZjUlQ6AIWcA2pKqL4RvB9SJhttBgCFYQTx_gD1DDhX:1q63YX:LElgPBfwTRNiNdQqqE8QEnZ1mcrG150JMIcOHU-iVEk",
        "expire_date": "2023-06-19T06:19:05.106Z"
    }
},
{
    "model": "sessions.session",
    "pk": "3yxvt5lca3lwc5ieknt303cl2sx0hb20",
    "fields": {
        "session_data": ".eJxVjEsOAiEQRO_C2hBghk-7dO8ZJg3dyKiBZD4r492VZBa6q9R7VS8x4b6VaV95mWYSZ6HF6beLmB5cO6A71luTqdVtmaPsijzoKq-N-Hk53L-Dgmvpa6cHIB_YM5N1hHpk4wZjUlQ6AIWcA2pKqL4RvB9SJhttBgCFYQTx_gD1DDhX:1pzwZa:AvD0hV8wU1EaVMV9272iKqFirriajjC6JQQTVjakOrs",
        "expire_date": "2023-06-02T09:38:54.167Z"
    }
},
{
    "model": "sessions.session",
    "pk": "aolwaft5xbyqlr81iae0feycs3d1ag2t",
    "fields": {
        "session_data": ".eJxVjDsOwyAQRO9CHaHFfJ0yvc-AlgWCkwgkY1dR7h5bcpFMOe_NvJnHbS1-62nxc2RXptnltwtIz1QPEB9Y741Tq-syB34o_KSdTy2m1-10_w4K9rKvwx5wclSk0UUV0TgjsgE1pCHb7MACIEBGkYV2Rkmy0mRLoyaRiCL7fAHnPzf9:1q8e6D:fZcVvgPyW9z2Eb9lRtUZ7_-rm7vuM6apNNetDy76jdQ",
        "expire_date": "2023-06-26T09:44:33.267Z"
    }
},
{
    "model": "sessions.session",
    "pk": "c3hwhsep37s5kaw16n06podfcct2jg5l",
    "fields": {
        "session_data": ".eJxVjE0OwiAYBe_C2hAoAcGle89Avj-kamhS2lXj3bVJF7p9M_M2lWFdal67zHlkdVHWq9PviEBPaTvhB7T7pGlqyzyi3hV90K5vE8vrerh_BxV6_dbeRCSPjjzZQJFLlEQRrcjgkEMJ4IxzBJgYmIoxxYXEeCZOdvAR1fsDNMg5Ug:1q6rrh:6QQnLKeAgaflv1jYSjDUsw6b5GpR2wH42Ari25UjTUg",
        "expire_date": "2023-06-21T12:02:13.290Z"
    }
},
{
    "model": "sessions.session",
    "pk": "e18q56bajmq1dsu3i8guw3snn3ue3mi0",
    "fields": {
        "session_data": ".eJxVjDsOwyAQRO9CHaHFfJ0yvc-AlgWCkwgkY1dR7h5bcpFMOe_NvJnHbS1-62nxc2RXptnltwtIz1QPEB9Y741Tq-syB34o_KSdTy2m1-10_w4K9rKvwx5wclSk0UUV0TgjsgE1pCHb7MACIEBGkYV2Rkmy0mRLoyaRiCL7fAHnPzf9:1qB953:JyKuCFtBrZmf1Ga_7XvIc7YqEpTk6yZ5plMtw-K2O_A",
        "expire_date": "2023-07-03T07:13:41.241Z"
    }
},
{
    "model": "sessions.session",
    "pk": "e1o6r6yl4zog2m5can1t7qvpletyotgq",
    "fields": {
        "session_data": ".eJxVjEsOwiAUAO_C2hC-r-LSfc9AePCQqoGktCvj3ZWkC93OTObFfNi34vdOq18SuzDNTr8MQ3xQHSLdQ701Hlvd1gX5SPhhO59bouf1aP8GJfQytupMQURSCSUA2iSzljo6Z1ABqJyRpDUGpkQGSWSdEb4-g5u0sAjs_QHtQjf_:1pjaYV:r_u-eJbyYOdiBiR7OTtCLhEiPHE9Zhi5JRjhf1kM3A8",
        "expire_date": "2023-04-18T06:54:11.691Z"
    }
},
{
    "model": "sessions.session",
    "pk": "el3pbl46dcaq7e39xruk60m3g76iwozi",
    "fields": {
        "session_data": ".eJxVjEsOAiEQRO_C2hBghk-7dO8ZJg3dyKiBZD4r492VZBa6q9R7VS8x4b6VaV95mWYSZ6HF6beLmB5cO6A71luTqdVtmaPsijzoKq-N-Hk53L-Dgmvpa6cHIB_YM5N1hHpk4wZjUlQ6AIWcA2pKqL4RvB9SJhttBgCFYQTx_gD1DDhX:1qE16B:URo23og2FjotNHc74UFeujV2tcjcQaTWKnbhZ-UoUhE",
        "expire_date": "2023-07-11T05:18:43.826Z"
    }
},
{
    "model": "sessions.session",
    "pk": "fvd1j08817bg6vyaqk90ywq811wh0qj9",
    "fields": {
        "session_data": ".eJxVjDsOwjAQBe_iGlnr9VeU9JzB2vU6OIASKZ8q4u7IUgpo38y8Q2Xat5b3tS55FHVVRl1-N6byqlMH8qTpMesyT9sysu6KPumq77PU9-10_w4ara3X4BiCjbam5NkToA1skgGJFAFLiVS9RXYpIhYTRDxYQBZBO7ghqs8Xvx83IA:1pjEYp:PHen7x6da_29sQlD28sEkTM8Ab22AZouqSaA2HrRZHE",
        "expire_date": "2023-04-17T07:25:03.256Z"
    }
},
{
    "model": "sessions.session",
    "pk": "i3zxgi83noboshonjkh3g73sm3ijf1jr",
    "fields": {
        "session_data": ".eJxVjDsOwjAQBe_iGlnr9VeU9JzB2vU6OIASKZ8q4u7IUgpo38y8Q2Xat5b3tS55FHVVRl1-N6byqlMH8qTpMesyT9sysu6KPumq77PU9-10_w4ara3X4BiCjbam5NkToA1skgGJFAFLiVS9RXYpIhYTRDxYQBZBO7ghqs8Xvx83IA:1pjvuZ:o8WkV5IB1s2tGF-twqbI6ReS_lxehjHXz61OTZaWlag",
        "expire_date": "2023-04-19T05:42:23.906Z"
    }
},
{
    "model": "sessions.session",
    "pk": "jnck5wajboz9n7mzl9ywqpcm1a9msari",
    "fields": {
        "session_data": ".eJxVjEsOAiEQRO_C2hBghk-7dO8ZJg3dyKiBZD4r492VZBa6q9R7VS8x4b6VaV95mWYSZ6HF6beLmB5cO6A71luTqdVtmaPsijzoKq-N-Hk53L-Dgmvpa6cHIB_YM5N1hHpk4wZjUlQ6AIWcA2pKqL4RvB9SJhttBgCFYQTx_gD1DDhX:1pqwWd:VYm79E2vMbrkjmU4p5OAwrgIvVRiLdLAVLJ0unGh9J0",
        "expire_date": "2023-05-08T13:46:39.238Z"
    }
},
{
    "model": "sessions.session",
    "pk": "npixczfjsechgfasj2a1vpnv62hbrntr",
    "fields": {
        "session_data": ".eJxVjEsOAiEQRO_C2hBghk-7dO8ZJg3dyKiBZD4r492VZBa6q9R7VS8x4b6VaV95mWYSZ6HF6beLmB5cO6A71luTqdVtmaPsijzoKq-N-Hk53L-Dgmvpa6cHIB_YM5N1hHpk4wZjUlQ6AIWcA2pKqL4RvB9SJhttBgCFYQTx_gD1DDhX:1pwhgb:KJtkq_T2xL_K7rZoMg5-pYk9V51dTT6eXZ57JLdYWuo",
        "expire_date": "2023-05-24T11:08:45.247Z"
    }
},
{
    "model": "sessions.session",
    "pk": "p1z2lhd6kyyhfzzhrm84blunztlrxdrj",
    "fields": {
        "session_data": ".eJxVjEsOAiEQRO_C2hBghk-7dO8ZJg3dyKiBZD4r492VZBa6q9R7VS8x4b6VaV95mWYSZ6HF6beLmB5cO6A71luTqdVtmaPsijzoKq-N-Hk53L-Dgmvpa6cHIB_YM5N1hHpk4wZjUlQ6AIWcA2pKqL4RvB9SJhttBgCFYQTx_gD1DDhX:1qBwXx:C0YCphAmNOYTZhwoS0_JZJ6KbbuBJgv4LdjN456oRe8",
        "expire_date": "2023-07-05T12:02:49.989Z"
    }
},
{
    "model": "sessions.session",
    "pk": "r26arm7lqv71gxkwdevtszvebgesjw0q",
    "fields": {
        "session_data": ".eJxVjEsOAiEQRO_C2hBghk-7dO8ZJg3dyKiBZD4r492VZBa6q9R7VS8x4b6VaV95mWYSZ6HF6beLmB5cO6A71luTqdVtmaPsijzoKq-N-Hk53L-Dgmvpa6cHIB_YM5N1hHpk4wZjUlQ6AIWcA2pKqL4RvB9SJhttBgCFYQTx_gD1DDhX:1q63zv:LZ0tCrgC_cIfEaWtsRLjStShP_Op-o5gF_ABd2EDX3E",
        "expire_date": "2023-06-19T06:47:23.332Z"
    }
},
{
    "model": "sessions.session",
    "pk": "t0imhxo06p7thwe7l6bi9hfsvme8rqiw",
    "fields": {
        "session_data": ".eJxVjDsOwjAQBe_iGlnr9VeU9JzB2vU6OIASKZ8q4u7IUgpo38y8Q2Xat5b3tS55FHVVRl1-N6byqlMH8qTpMesyT9sysu6KPumq77PU9-10_w4ara3X4BiCjbam5NkToA1skgGJFAFLiVS9RXYpIhYTRDxYQBZBO7ghqs8Xvx83IA:1phP3R:lCt8iY6kVUOrV3TphWDaZYJswh0Yuf-IPzGOQj1mBTQ",
        "expire_date": "2023-04-12T06:13:05.219Z"
    }
},
{
    "model": "sessions.session",
    "pk": "uryh316rgk547r8d523pe3mp0xgck6kg",
    "fields": {
        "session_data": ".eJxVjEsOAiEQRO_C2hBghk-7dO8ZJg3dyKiBZD4r492VZBa6q9R7VS8x4b6VaV95mWYSZ6HF6beLmB5cO6A71luTqdVtmaPsijzoKq-N-Hk53L-Dgmvpa6cHIB_YM5N1hHpk4wZjUlQ6AIWcA2pKqL4RvB9SJhttBgCFYQTx_gD1DDhX:1q6nCo:OAU-4kWS7EjIZyXYpn27X-_3RXkYTAvfok4-4PeA0CY",
        "expire_date": "2023-06-21T07:03:42.273Z"
    }
},
{
    "model": "sessions.session",
    "pk": "z6u8ua2cpmjhhhiov5yz1xr11w84dpu8",
    "fields": {
        "session_data": ".eJxVjEsOAiEQRO_C2hBghk-7dO8ZJg3dyKiBZD4r492VZBa6q9R7VS8x4b6VaV95mWYSZ6HF6beLmB5cO6A71luTqdVtmaPsijzoKq-N-Hk53L-Dgmvpa6cHIB_YM5N1hHpk4wZjUlQ6AIWcA2pKqL4RvB9SJhttBgCFYQTx_gD1DDhX:1qBrFz:6Zl8UD00tE1jbQpH3pH0nvQan1hgddNo52U37epzbTo",
        "expire_date": "2023-07-05T06:23:55.114Z"
    }
},
{
    "model": "base.profile",
    "pk": 2,
    "fields": {
        "user": 5,
        "userID": null,
        "name": "supplier",
        "usertype": "supplier",
        "nationalID": "12341234",
        "address": "place 1",
        "phone": "07234244144",
        "arrears": 0,
        "previousarrears": 0,
        "prepayment": 0
    }
},
{
    "model": "base.profile",
    "pk": 3,
    "fields": {
        "user": 7,
        "userID": null,
        "name": "james",
        "usertype": "consumer",
        "nationalID": "12341234",
        "address": "place 1",
        "phone": "07234244144",
        "arrears": 0,
        "previousarrears": 0,
        "prepayment": 0
    }
},
{
    "model": "base.profile",
    "pk": 4,
    "fields": {
        "user": 1,
        "userID": "000",
        "name": "darryl",
        "usertype": "consumer",
        "nationalID": "12221122",
        "address": "place 2",
        "phone": "1722123123",
        "arrears": 1100,
        "previousarrears": 900,
        "prepayment": 0
    }
},
{
    "model": "base.profile",
    "pk": 5,
    "fields": {
        "user": 8,
        "userID": null,
        "name": "joe",
        "usertype": "consumer",
        "nationalID": "12344321",
        "address": "1234-00200",
        "phone": "0212232123",
        "arrears": 0,
        "previousarrears": 0,
        "prepayment": 0
    }
},
{
    "model": "base.profile",
    "pk": 6,
    "fields": {
        "user": 9,
        "userID": "002",
        "name": "stephenodinyo",
        "usertype": "consumer",
        "nationalID": "12340987",
        "address": "12343-00100",
        "phone": "0711321331",
        "arrears": 407500,
        "previousarrears": 392110,
        "prepayment": 0
    }
},
{
    "model": "base.profile",
    "pk": 7,
    "fields": {
        "user": 10,
        "userID": null,
        "name": "test",
        "usertype": "supplier",
        "nationalID": "214325354362",
        "address": "23412424151",
        "phone": "0924225215",
        "arrears": 0,
        "previousarrears": 0,
        "prepayment": 0
    }
},
{
    "model": "base.profile",
    "pk": 8,
    "fields": {
        "user": 11,
        "userID": "003",
        "name": "alexmbatha",
        "usertype": "consumer",
        "nationalID": "21768969",
        "address": "75825, 00200",
        "phone": "0700123123`",
        "arrears": 7400,
        "previousarrears": 2300,
        "prepayment": 0
    }
},
{
    "model": "base.profile",
    "pk": 9,
    "fields": {
        "user": 12,
        "userID": "001",
        "name": "danielmalakwen",
        "usertype": "consumer",
        "nationalID": "23516636",
        "address": "4923, Eldoret",
        "phone": "0712345345",
        "arrears": 280,
        "previousarrears": 0,
        "prepayment": 0
    }
},
{
    "model": "base.profile",
    "pk": 10,
    "fields": {
        "user": 13,
        "userID": "005",
        "name": "margretkiige",
        "usertype": "consumer",
        "nationalID": "5974223",
        "address": "310, Kitengela",
        "phone": "0733445234",
        "arrears": 0,
        "previousarrears": 0,
        "prepayment": 0
    }
},
{
    "model": "base.profile",
    "pk": 11,
    "fields": {
        "user": 14,
        "userID": "004",
        "name": "leonardmatheka",
        "usertype": "consumer",
        "nationalID": "11606251",
        "address": "102837-00101 Nairobi",
        "phone": "0711432324",
        "arrears": 50,
        "previousarrears": 0,
        "prepayment": 0
    }
},
{
    "model": "base.profile",
    "pk": 12,
    "fields": {
        "user": 15,
        "userID": "006",
        "name": "mollyakinyi",
        "usertype": "consumer",
        "nationalID": "23522640",
        "address": "Dubai",
        "phone": "+971522672434",
        "arrears": 3328,
        "previousarrears": 0,
        "prepayment": 0
    }
},
{
    "model": "base.profile",
    "pk": 13,
    "fields": {
        "user": 16,
        "userID": "007",
        "name": "wycliffeodhiambo",
        "usertype": "consumer",
        "nationalID": "87631234",
        "address": "9244-00100 Nairobi",
        "phone": "0744145454",
        "arrears": 936,
        "previousarrears": 0,
        "prepayment": 0
    }
},
{
    "model": "base.profile",
    "pk": 18,
    "fields": {
        "user": 21,
        "userID": null,
        "name": "random",
        "usertype": "consumer",
        "nationalID": "12341234",
        "address": "random address",
        "phone": "0722321321",
        "arrears": 0,
        "previousarrears": 0,
        "prepayment": 0
    }
},
{
    "model": "base.utility",
    "pk": 1,
    "fields": {
        "user": 1,
        "supplier": 2,
        "name": "Water",
        "unit": "Liters",
        "rate": 100,
        "meternumber": "13212",
        "connectiondate": "0",
        "created": "2023-04-26T10:44:55.479Z",
        "updated": "2023-06-02T09:34:17.442Z"
    }
},
{
    "model": "base.utility",
    "pk": 3,
    "fields": {
        "user": 9,
        "supplier": 2,
        "name": "Water",
        "unit": "Liters",
        "rate": 90,
        "meternumber": "2020 322",
        "connectiondate": "08th day of September 2021",
        "created": "2023-04-28T05:19:15.085Z",
        "updated": "2023-06-02T09:34:23.875Z"
    }
},
{
    "model": "base.utility",
    "pk": 4,
    "fields": {
        "user": 11,
        "supplier": 2,
        "name": "Water",
        "unit": "Liters",
        "rate": 100,
        "meternumber": "2107067",
        "connectiondate": "06th day of November 2021",
        "created": "2023-05-04T11:00:33.024Z",
        "updated": "2023-05-19T06:58:56.407Z"
    }
},
{
    "model": "base.utility",
    "pk": 5,
    "fields": {
        "user": 12,
        "supplier": 2,
        "name": "Water",
        "unit": "Liters",
        "rate": 100,
        "meternumber": "2020305",
        "connectiondate": "25th day of September 2021",
        "created": "2023-05-04T11:01:28.955Z",
        "updated": "2023-05-19T06:58:20.052Z"
    }
},
{
    "model": "base.utility",
    "pk": 6,
    "fields": {
        "user": 13,
        "supplier": 2,
        "name": "Water",
        "unit": "Liters",
        "rate": 100,
        "meternumber": "2020847",
        "connectiondate": "06th day of November 2021",
        "created": "2023-05-04T11:03:12.572Z",
        "updated": "2023-05-19T06:56:56.629Z"
    }
},
{
    "model": "base.utility",
    "pk": 7,
    "fields": {
        "user": 14,
        "supplier": 2,
        "name": "Water",
        "unit": "Liters",
        "rate": 100,
        "meternumber": "2012776",
        "connectiondate": "22nd January 2022",
        "created": "2023-05-04T11:04:18.397Z",
        "updated": "2023-05-19T06:55:30.197Z"
    }
},
{
    "model": "base.utility",
    "pk": 9,
    "fields": {
        "user": 16,
        "supplier": 2,
        "name": "Water",
        "unit": "Liters",
        "rate": 130,
        "meternumber": "2207084",
        "connectiondate": "0",
        "created": "2023-05-05T15:27:22.830Z",
        "updated": "2023-05-17T06:32:35.368Z"
    }
},
{
    "model": "base.utility",
    "pk": 10,
    "fields": {
        "user": 15,
        "supplier": 2,
        "name": "Water",
        "unit": "Liters",
        "rate": 130,
        "meternumber": "202303001",
        "connectiondate": "06th day of November 2021",
        "created": "2023-05-05T15:28:31.482Z",
        "updated": "2023-06-02T09:25:54.687Z"
    }
},
{
    "model": "base.utility",
    "pk": 13,
    "fields": {
        "user": 21,
        "supplier": null,
        "name": "Water",
        "unit": "Liters",
        "rate": 100,
        "meternumber": null,
        "connectiondate": "0",
        "created": "2023-06-21T06:07:00.916Z",
        "updated": "2023-06-21T06:07:00.916Z"
    }
},
{
    "model": "base.reading",
    "pk": 1,
    "fields": {
        "utility": 1,
        "reading": 0.0,
        "created": "2023-04-26T10:46:05.648Z",
        "updated": "2023-04-26T10:46:05.648Z"
    }
},
{
    "model": "base.reading",
    "pk": 2,
    "fields": {
        "utility": 1,
        "reading": 20.0,
        "created": "2023-04-26T10:46:09.902Z",
        "updated": "2023-04-26T10:46:09.902Z"
    }
},
{
    "model": "base.reading",
    "pk": 3,
    "fields": {
        "utility": 1,
        "reading": 23.0,
        "created": "2023-04-26T10:57:13.518Z",
        "updated": "2023-04-26T10:57:13.518Z"
    }
},
{
    "model": "base.reading",
    "pk": 4,
    "fields": {
        "utility": 1,
        "reading": 30.0,
        "created": "2023-04-26T10:57:28.476Z",
        "updated": "2023-04-26T10:57:28.476Z"
    }
},
{
    "model": "base.reading",
    "pk": 8,
    "fields": {
        "utility": 3,
        "reading": 5632.0,
        "created": "2023-04-28T05:20:10.912Z",
        "updated": "2023-04-28T05:20:10.912Z"
    }
},
{
    "model": "base.reading",
    "pk": 9,
    "fields": {
        "utility": 3,
        "reading": 6134.0,
        "created": "2023-04-28T05:20:20.719Z",
        "updated": "2023-04-28T05:20:20.719Z"
    }
},
{
    "model": "base.reading",
    "pk": 10,
    "fields": {
        "utility": 1,
        "reading": 65.0,
        "created": "2023-04-28T09:07:52.345Z",
        "updated": "2023-04-28T09:07:52.345Z"
    }
},
{
    "model": "base.reading",
    "pk": 11,
    "fields": {
        "utility": 1,
        "reading": 70.0,
        "created": "2023-04-28T11:29:57.139Z",
        "updated": "2023-04-28T11:29:57.140Z"
    }
},
{
    "model": "base.reading",
    "pk": 12,
    "fields": {
        "utility": 1,
        "reading": 70.0,
        "created": "2023-04-28T11:30:00.204Z",
        "updated": "2023-04-28T11:30:00.204Z"
    }
},
{
    "model": "base.reading",
    "pk": 13,
    "fields": {
        "utility": 1,
        "reading": 988.0,
        "created": "2023-05-03T10:25:39.450Z",
        "updated": "2023-05-03T10:25:39.450Z"
    }
},
{
    "model": "base.reading",
    "pk": 14,
    "fields": {
        "utility": 1,
        "reading": 1321.0,
        "created": "2023-05-03T10:25:51.535Z",
        "updated": "2023-05-03T10:25:51.535Z"
    }
},
{
    "model": "base.reading",
    "pk": 15,
    "fields": {
        "utility": 3,
        "reading": 988.0,
        "created": "2023-05-03T10:31:20.061Z",
        "updated": "2023-05-03T10:31:20.061Z"
    }
},
{
    "model": "base.reading",
    "pk": 16,
    "fields": {
        "utility": 3,
        "reading": 988.0,
        "created": "2023-05-03T10:31:24.080Z",
        "updated": "2023-05-03T10:31:24.080Z"
    }
},
{
    "model": "base.reading",
    "pk": 17,
    "fields": {
        "utility": 3,
        "reading": 1321.0,
        "created": "2023-05-03T10:31:32.037Z",
        "updated": "2023-05-03T10:31:32.037Z"
    }
},
{
    "model": "base.reading",
    "pk": 18,
    "fields": {
        "utility": 3,
        "reading": 2119.0,
        "created": "2023-05-03T10:35:58.297Z",
        "updated": "2023-05-03T10:35:58.297Z"
    }
},
{
    "model": "base.reading",
    "pk": 19,
    "fields": {
        "utility": 3,
        "reading": 2447.0,
        "created": "2023-05-03T10:36:07.117Z",
        "updated": "2023-05-03T10:36:07.117Z"
    }
},
{
    "model": "base.reading",
    "pk": 20,
    "fields": {
        "utility": 1,
        "reading": 0.0,
        "created": "2023-05-03T11:48:15.177Z",
        "updated": "2023-05-03T11:48:15.177Z"
    }
},
{
    "model": "base.reading",
    "pk": 21,
    "fields": {
        "utility": 1,
        "reading": 10.0,
        "created": "2023-05-03T11:49:20.215Z",
        "updated": "2023-05-03T11:49:20.215Z"
    }
},
{
    "model": "base.reading",
    "pk": 30,
    "fields": {
        "utility": 4,
        "reading": 43.0,
        "created": "2023-05-04T11:49:07.242Z",
        "updated": "2023-05-04T11:49:07.242Z"
    }
},
{
    "model": "base.reading",
    "pk": 31,
    "fields": {
        "utility": 4,
        "reading": 70.0,
        "created": "2023-05-04T11:49:12.088Z",
        "updated": "2023-05-04T11:49:12.088Z"
    }
},
{
    "model": "base.reading",
    "pk": 32,
    "fields": {
        "utility": 5,
        "reading": 96.0,
        "created": "2023-05-04T11:50:33.969Z",
        "updated": "2023-05-04T11:50:33.969Z"
    }
},
{
    "model": "base.reading",
    "pk": 33,
    "fields": {
        "utility": 5,
        "reading": 105.0,
        "created": "2023-05-04T11:50:38.082Z",
        "updated": "2023-05-04T11:50:38.082Z"
    }
},
{
    "model": "base.reading",
    "pk": 34,
    "fields": {
        "utility": 6,
        "reading": 0.0,
        "created": "2023-05-04T11:52:34.847Z",
        "updated": "2023-05-04T11:52:34.847Z"
    }
},
{
    "model": "base.reading",
    "pk": 35,
    "fields": {
        "utility": 6,
        "reading": 2.0,
        "created": "2023-05-04T11:52:38.658Z",
        "updated": "2023-05-04T11:52:38.658Z"
    }
},
{
    "model": "base.reading",
    "pk": 36,
    "fields": {
        "utility": 7,
        "reading": 0.0,
        "created": "2023-05-04T11:53:46.618Z",
        "updated": "2023-05-04T11:53:46.618Z"
    }
},
{
    "model": "base.reading",
    "pk": 37,
    "fields": {
        "utility": 7,
        "reading": 0.0,
        "created": "2023-05-04T11:53:50.028Z",
        "updated": "2023-05-04T11:53:50.029Z"
    }
},
{
    "model": "base.reading",
    "pk": 38,
    "fields": {
        "utility": 4,
        "reading": 117.0,
        "created": "2023-05-04T11:55:20.550Z",
        "updated": "2023-05-04T11:55:20.550Z"
    }
},
{
    "model": "base.reading",
    "pk": 39,
    "fields": {
        "utility": 4,
        "reading": 637.0,
        "created": "2023-05-04T12:15:10.722Z",
        "updated": "2023-05-04T12:15:10.722Z"
    }
},
{
    "model": "base.reading",
    "pk": 40,
    "fields": {
        "utility": 4,
        "reading": 705.0,
        "created": "2023-05-04T12:15:18.980Z",
        "updated": "2023-05-04T12:15:18.980Z"
    }
},
{
    "model": "base.reading",
    "pk": 41,
    "fields": {
        "utility": 4,
        "reading": 780.0,
        "created": "2023-05-04T12:17:30.855Z",
        "updated": "2023-05-04T12:17:30.855Z"
    }
},
{
    "model": "base.reading",
    "pk": 43,
    "fields": {
        "utility": 5,
        "reading": 111.0,
        "created": "2023-05-04T12:21:09.570Z",
        "updated": "2023-05-04T12:21:09.571Z"
    }
},
{
    "model": "base.reading",
    "pk": 44,
    "fields": {
        "utility": 6,
        "reading": 5.0,
        "created": "2023-05-04T12:23:02.929Z",
        "updated": "2023-05-04T12:23:02.929Z"
    }
},
{
    "model": "base.reading",
    "pk": 45,
    "fields": {
        "utility": 7,
        "reading": 384.0,
        "created": "2023-05-04T12:24:14.452Z",
        "updated": "2023-05-04T12:24:14.452Z"
    }
},
{
    "model": "base.reading",
    "pk": 46,
    "fields": {
        "utility": 7,
        "reading": 429.0,
        "created": "2023-05-04T12:24:22.200Z",
        "updated": "2023-05-04T12:24:22.200Z"
    }
},
{
    "model": "base.reading",
    "pk": 47,
    "fields": {
        "utility": 7,
        "reading": 483.0,
        "created": "2023-05-04T12:25:29.907Z",
        "updated": "2023-05-04T12:25:29.907Z"
    }
},
{
    "model": "base.reading",
    "pk": 48,
    "fields": {
        "utility": 3,
        "reading": 5130.0,
        "created": "2023-05-04T12:27:44.493Z",
        "updated": "2023-05-04T12:27:44.493Z"
    }
},
{
    "model": "base.reading",
    "pk": 49,
    "fields": {
        "utility": 3,
        "reading": 5632.0,
        "created": "2023-05-04T12:27:52.165Z",
        "updated": "2023-05-04T12:27:52.165Z"
    }
},
{
    "model": "base.reading",
    "pk": 50,
    "fields": {
        "utility": 3,
        "reading": 6134.0,
        "created": "2023-05-04T12:28:42.075Z",
        "updated": "2023-05-04T12:28:42.075Z"
    }
},
{
    "model": "base.reading",
    "pk": 51,
    "fields": {
        "utility": 3,
        "reading": 6255.0,
        "created": "2023-05-08T17:18:43.117Z",
        "updated": "2023-05-08T17:18:43.117Z"
    }
},
{
    "model": "base.reading",
    "pk": 52,
    "fields": {
        "utility": 4,
        "reading": 848.0,
        "created": "2023-05-08T17:19:48.027Z",
        "updated": "2023-05-08T17:19:48.027Z"
    }
},
{
    "model": "base.reading",
    "pk": 53,
    "fields": {
        "utility": 7,
        "reading": 483.0,
        "created": "2023-05-08T17:24:56.070Z",
        "updated": "2023-05-08T17:24:56.070Z"
    }
},
{
    "model": "base.reading",
    "pk": 54,
    "fields": {
        "utility": 5,
        "reading": 112.0,
        "created": "2023-05-08T17:39:04.661Z",
        "updated": "2023-05-08T17:39:04.661Z"
    }
},
{
    "model": "base.reading",
    "pk": 55,
    "fields": {
        "utility": 6,
        "reading": 8.0,
        "created": "2023-05-08T17:41:22.934Z",
        "updated": "2023-05-08T17:41:22.934Z"
    }
},
{
    "model": "base.reading",
    "pk": 56,
    "fields": {
        "utility": 1,
        "reading": 998.0,
        "created": "2023-05-18T05:57:50.057Z",
        "updated": "2023-05-18T05:57:50.057Z"
    }
},
{
    "model": "base.reading",
    "pk": 57,
    "fields": {
        "utility": 10,
        "reading": 0.0,
        "created": "2023-05-19T05:27:44.427Z",
        "updated": "2023-05-19T05:27:44.427Z"
    }
},
{
    "model": "base.reading",
    "pk": 58,
    "fields": {
        "utility": 10,
        "reading": 0.0,
        "created": "2023-05-19T05:27:52.776Z",
        "updated": "2023-05-19T05:27:52.776Z"
    }
},
{
    "model": "base.reading",
    "pk": 73,
    "fields": {
        "utility": 9,
        "reading": 0.0,
        "created": "2023-06-02T11:37:07.732Z",
        "updated": "2023-06-02T11:37:07.732Z"
    }
},
{
    "model": "base.reading",
    "pk": 75,
    "fields": {
        "utility": 1,
        "reading": 123456.0,
        "created": "2023-06-05T06:46:19.893Z",
        "updated": "2023-06-05T06:46:19.893Z"
    }
},
{
    "model": "base.reading",
    "pk": 76,
    "fields": {
        "utility": 1,
        "reading": 1123.0,
        "created": "2023-06-05T06:46:42.540Z",
        "updated": "2023-06-05T06:46:42.540Z"
    }
},
{
    "model": "base.reading",
    "pk": 82,
    "fields": {
        "utility": 1,
        "reading": 1124.0,
        "created": "2023-06-12T11:33:54.925Z",
        "updated": "2023-06-12T11:33:54.925Z"
    }
},
{
    "model": "base.reading",
    "pk": 83,
    "fields": {
        "utility": 1,
        "reading": 1126.0,
        "created": "2023-06-12T11:34:13.062Z",
        "updated": "2023-06-12T11:34:13.062Z"
    }
},
{
    "model": "base.reading",
    "pk": 84,
    "fields": {
        "utility": 1,
        "reading": 1130.0,
        "created": "2023-06-12T13:08:21.071Z",
        "updated": "2023-06-12T13:08:21.071Z"
    }
},
{
    "model": "base.reading",
    "pk": 85,
    "fields": {
        "utility": 4,
        "reading": 899.0,
        "created": "2023-06-12T13:18:18.853Z",
        "updated": "2023-06-12T13:18:18.853Z"
    }
},
{
    "model": "base.reading",
    "pk": 86,
    "fields": {
        "utility": 5,
        "reading": 114.8,
        "created": "2023-06-12T13:25:30.341Z",
        "updated": "2023-06-12T13:25:30.341Z"
    }
},
{
    "model": "base.reading",
    "pk": 87,
    "fields": {
        "utility": 6,
        "reading": 13.6,
        "created": "2023-06-12T13:30:22.774Z",
        "updated": "2023-06-12T13:30:22.774Z"
    }
},
{
    "model": "base.reading",
    "pk": 88,
    "fields": {
        "utility": 7,
        "reading": 483.5,
        "created": "2023-06-12T13:33:13.997Z",
        "updated": "2023-06-12T13:33:13.997Z"
    }
},
{
    "model": "base.reading",
    "pk": 89,
    "fields": {
        "utility": 10,
        "reading": 25.6,
        "created": "2023-06-12T13:34:51.495Z",
        "updated": "2023-06-12T13:34:51.495Z"
    }
},
{
    "model": "base.reading",
    "pk": 90,
    "fields": {
        "utility": 3,
        "reading": 6426.0,
        "created": "2023-06-12T13:36:26.856Z",
        "updated": "2023-06-12T13:36:26.856Z"
    }
},
{
    "model": "base.reading",
    "pk": 91,
    "fields": {
        "utility": 9,
        "reading": 7.2,
        "created": "2023-06-12T13:40:26.202Z",
        "updated": "2023-06-12T13:40:26.202Z"
    }
},
{
    "model": "base.reading",
    "pk": 92,
    "fields": {
        "utility": 1,
        "reading": 1131.0,
        "created": "2023-06-19T07:43:42.141Z",
        "updated": "2023-06-19T07:43:42.141Z"
    }
},
{
    "model": "base.reading",
    "pk": 93,
    "fields": {
        "utility": 13,
        "reading": 0.0,
        "created": "2023-06-21T06:07:00.918Z",
        "updated": "2023-06-21T06:07:00.918Z"
    }
},
{
    "model": "base.reading",
    "pk": 94,
    "fields": {
        "utility": 1,
        "reading": 1133.0,
        "created": "2023-06-27T05:18:28.572Z",
        "updated": "2023-06-27T05:18:28.572Z"
    }
},
{
    "model": "base.invoice",
    "pk": 1,
    "fields": {
        "user": 1,
        "invoiceNo": null,
        "billingmonth": "June",
        "year": "2023",
        "previousreading": 1126.0,
        "currentreading": 1130.0,
        "consumed": 4.0,
        "rate": "100",
        "consumptionamount": 400.0,
        "arrears": 400,
        "prepayment": 0,
        "amountpayable": 800,
        "created": "2023-06-12T13:08:21.051Z",
        "updated": "2023-06-12T13:08:21.051Z"
    }
},
{
    "model": "base.invoice",
    "pk": 2,
    "fields": {
        "user": 11,
        "invoiceNo": null,
        "billingmonth": "June",
        "year": "2023",
        "previousreading": 848.0,
        "currentreading": 899.0,
        "consumed": 51.0,
        "rate": "100",
        "consumptionamount": 5100.0,
        "arrears": 2300,
        "prepayment": 0,
        "amountpayable": 7400,
        "created": "2023-06-12T13:18:18.850Z",
        "updated": "2023-06-12T13:18:18.850Z"
    }
},
{
    "model": "base.invoice",
    "pk": 3,
    "fields": {
        "user": 12,
        "invoiceNo": null,
        "billingmonth": "June",
        "year": "2023",
        "previousreading": 112.0,
        "currentreading": 114.8,
        "consumed": 2.799999999999997,
        "rate": "100",
        "consumptionamount": 280.0,
        "arrears": 0,
        "prepayment": 0,
        "amountpayable": 280,
        "created": "2023-06-12T13:25:30.337Z",
        "updated": "2023-06-12T13:25:30.337Z"
    }
},
{
    "model": "base.invoice",
    "pk": 4,
    "fields": {
        "user": 13,
        "invoiceNo": null,
        "billingmonth": "June",
        "year": "2023",
        "previousreading": 8.0,
        "currentreading": 13.6,
        "consumed": 5.6,
        "rate": "100",
        "consumptionamount": 560.0,
        "arrears": 0,
        "prepayment": 0,
        "amountpayable": 560,
        "created": "2023-06-12T13:30:22.770Z",
        "updated": "2023-06-12T13:30:22.770Z"
    }
},
{
    "model": "base.invoice",
    "pk": 5,
    "fields": {
        "user": 14,
        "invoiceNo": null,
        "billingmonth": "June",
        "year": "2023",
        "previousreading": 483.0,
        "currentreading": 483.5,
        "consumed": 0.5,
        "rate": "100",
        "consumptionamount": 50.0,
        "arrears": 0,
        "prepayment": 0,
        "amountpayable": 50,
        "created": "2023-06-12T13:33:13.993Z",
        "updated": "2023-06-12T13:33:13.993Z"
    }
},
{
    "model": "base.invoice",
    "pk": 6,
    "fields": {
        "user": 15,
        "invoiceNo": null,
        "billingmonth": "June",
        "year": "2023",
        "previousreading": 0.0,
        "currentreading": 25.6,
        "consumed": 25.6,
        "rate": "130",
        "consumptionamount": 3328.0,
        "arrears": 0,
        "prepayment": 0,
        "amountpayable": 3328,
        "created": "2023-06-12T13:34:51.491Z",
        "updated": "2023-06-12T13:34:51.491Z"
    }
},
{
    "model": "base.invoice",
    "pk": 7,
    "fields": {
        "user": 9,
        "invoiceNo": null,
        "billingmonth": "June",
        "year": "2023",
        "previousreading": 6255.0,
        "currentreading": 6426.0,
        "consumed": 171.0,
        "rate": "90",
        "consumptionamount": 15390.0,
        "arrears": 392110,
        "prepayment": 0,
        "amountpayable": 407500,
        "created": "2023-06-12T13:36:26.852Z",
        "updated": "2023-06-12T13:36:26.852Z"
    }
},
{
    "model": "base.invoice",
    "pk": 8,
    "fields": {
        "user": 16,
        "invoiceNo": null,
        "billingmonth": "June",
        "year": "2023",
        "previousreading": 0.0,
        "currentreading": 7.2,
        "consumed": 7.2,
        "rate": "130",
        "consumptionamount": 936.0,
        "arrears": 0,
        "prepayment": 0,
        "amountpayable": 936,
        "created": "2023-06-12T13:40:26.200Z",
        "updated": "2023-06-12T13:40:26.200Z"
    }
},
{
    "model": "base.invoice",
    "pk": 9,
    "fields": {
        "user": 1,
        "invoiceNo": null,
        "billingmonth": "June",
        "year": "2023",
        "previousreading": 1130.0,
        "currentreading": 1131.0,
        "consumed": 1.0,
        "rate": "100",
        "consumptionamount": 100.0,
        "arrears": 800,
        "prepayment": 0,
        "amountpayable": 900,
        "created": "2023-06-19T07:43:42.084Z",
        "updated": "2023-06-19T07:43:42.084Z"
    }
},
{
    "model": "base.invoice",
    "pk": 10,
    "fields": {
        "user": 1,
        "invoiceNo": null,
        "billingmonth": "June",
        "year": "2023",
        "previousreading": 1131.0,
        "currentreading": 1133.0,
        "consumed": 2.0,
        "rate": "100",
        "consumptionamount": 200.0,
        "arrears": 900,
        "prepayment": 0,
        "amountpayable": 1100,
        "created": "2023-06-27T05:18:28.554Z",
        "updated": "2023-06-27T05:18:28.554Z"
    }
},
{
    "model": "base.contract",
    "pk": 8,
    "fields": {
        "user": 1,
        "provider": 2,
        "consumersignature": "data:image/png;base64,iVBORw0KGgoAAAANSUhEUgAAASwAAACWCAYAAABkW7XSAAAAAXNSR0IArs4c6QAADk9JREFUeF7tnXvQfdUYxz/di0g1LpVSKbrHlKKQolAhya1EhqHyh0nKGGUY1xIZM2Tco8IYSjQTigYhGiWXqHRTRBeJkuQyT53Dbrf3ec857977rLX3Z830R++79lrP+jzP7/uuvfZaz1oBiwQkIIFMCKyQiZ2aKQEJSAAFyyCQgASyIaBgZeMqDZWABBQsY0ACEsiGgIKVjas0VAISULCMAQlIIBsCClY2rtJQCUhAwTIGJCCBbAgoWNm4SkMlIAEFyxiQgASyIaBgZeMqDZWABBQsY0ACEsiGgIKVjas0VAISULCMAQlIIBsCClY2rtJQCUhAwTIGJCCBbAgoWNm4SkMlIAEFyxiQgASyIaBgZeMqDZWABBQsY0ACEsiGgIKVjas0VAISULCMAQlIIBsCClY2rtJQCUhAwTIGJCCBbAgoWNm4SkMlIAEFyxiQgASyIaBgZeMqDZWABBQsY0ACEsiGgIKVjas0VAISULCMAQlIIBsCClY2rtJQCUhAwTIGJCCBbAgoWNm4SkMlIAEFyxiQgASyIaBgZeMqDZWABBQsY0ACEsiGgIKVjas0VAISULCMAQlIIBsCClY2rtJQCUhAwTIGJCCBbAgoWNm4SkMlIAEFyxiQgASyIaBgZeMqDZWABBQsY0ACEsiGgIKVjas0VAISULCMAQlIIBsCClY2rtJQCUhAwTIGJCCBbAgoWNm4SkMlIAEFyxhYFIGLgLVHnV8IHLAoQ+w3HwIKVj6+6pOl/wbKsXcbsFafBulYmiegYDXP1BYnEzgBOLKmivFo9EwkYIAYIF0T+BewYkWnWwGXdm2M/eVFQMHKy1+5W3sqcGBhELcA6+Y+KO3vjoCC1R1re4Ly2pXxZ1TMRMCAmQmXlZdB4JvAnoXn/wyss4z2fHSABBSsATp9QUN2drUg8H3qVsHqkzfTHcvvgfUK5l0DbJyuuVqWKoGhC1ZsXtweuAF4JPeusViaJbAHcG6hyf/UfCVstldb6yWBIQvWSsDdFV71r3+zoX4nsFqhyVOAg5vtwtaGQmDIgrUq8I8Jjr4O2HAogdDSOL8M7F9o++/AA1rqy2YHQGDIghXujdnURhP8HDOwVQYQB20NsbzQ/ijg2rY6s93+Exi6YI09vDpwE/DAGpfvC5zV/3BodITlPwa/BTZrtAcbGxwBBev+Lq9b24qZQcwQLEsTiA8ZFxeqxUwruFoksCwCClY9vn8CK5d+7SvidOF2B7BGoerHgddM96i1JFBPQMGaHB2XANtWVHk2cLaBVUng08Ahhd/cDqwpKwk0QUDBWpri1sAvKqpdDWyy9OODq1HOxhDrgjHjskhg2QQUrOkRVqVFiZ+VXxunb7F/Na8H1i8M6zfAFv0bpiNaFAEFazby5SMm46d9RYTTgf0KOF1ony22rD0FAQVrCkilKu8Ajql4bMif7Z8DnFlicnJpLWt20j4hgRIBBWv+kKh6RRzqV8TyF1VfBeePK5+cQEDBWl54/LXmC9iQXhFjw20xa2gwefDysPq0BKoJKFjLj4xyYrpxi5cDj1l+80m3cD6wi+tWSfuoV8YpWM25M9KmlEufXxGPBo4rDfgg4LTmkNqSBO5LQMFqNiIi+0NkgSiXPr4iltfwvgXs1SxOW5OAgtV2DFwGbF7RyZXAo9vuvKP2y2t3sd1jg476tpsBE3CG1Y7zXwR8saLpPuxN+hWwZWFsMauMbBcWCbROQMFqF3HdpaFX1MzC2rVm+a2fBBxaaMZ0x8tnagszEFCwZoA1Z9Wrai5cyG22tSkQQluMmcjAEJkYLBLohICC1QnmezqJL4ZVOaFy2f5Qzs3+feAp3eGzJwnc96+lPNonEOJUlXUz9dnW70a3Co0JeQlq+7FiDxUEnGEtJizqZlspHmmJM4JxVnBc+ry3bDHRYK9TE1CwpkbVeMUQp6qd8CmlrDkA+FJp5MZM46Fgg9MSMPimJdVevbrZ1i+BbdrrdqqWy4eajwA+ONWTVpJACwQUrBagztFkeW/TuIlFzrZuBtYpjOUC4IlzjM1HJNAYAQWrMZSNNFQ324obaB7fSA/TNfIjYOdC1VuBtad71FoSaI+AgtUe23lbjvzxkUe+XLqabb0FeGeh89S/YM7L2ecyJKBgpeu0utnWT4CdWjS7vDs/DnPHWpZFAgsnoGAt3AUTDfgZsF2Hs62/lW6/jtnWu9NGpHVDIqBg5eHtutnWD4BdGxrC14F9Cm39FNihobZtRgKNEFCwGsHYSSMhIFUL701s5HwucEbhnGC8Albl9epkoHYigToCClZ+sVHeGzUewXnA7nMOp5jfKjIwHAu8a862fEwCrRFQsFpD22rDsfC+Y0UP88y2Liy9+sWWhie1ar2NS2BOAgrWnOASeaxuthUXYzxzChuPAo4v1PNQ8xTQrLI4AgrW4tg31XN5k+e43WlmW8Uc9LHfKkTunKYMsx0JNE1AwWqa6OLaq5tt3Qg8rMKsyDG/SeHnsej+/MWZb88SWJqAgrU0o5xqxDaHuvWnYuqaDwOHFwZ2HbBhTgPV1mESULD66fe668biC2B8TdwNWHE09LuA1fqJwVH1jYCC1TeP/n88cXPPqcDKSwzR3ez9jYHejUzB6p1L7zegk4GDS5dHjCvFjGtv4Oz+Y3CEfSCgYPXBi9ON4VJgi5qqtwNrTteMtSSwOAIK1uLYd91z+WBzVf91XxS7ttX+JFBJQMEaRmCcD+xSGOppwPNKmRmKJFK8DGMYnnKUEwkoWP0PkFh8/2JhmH8A1h/9/6SF+Vjfik2ke/UfkSPMhYCClYun5rezuMWhLmvppIX52AF/IvDG+U3wSQk0Q0DBaoZjqq2UL7d4FfCpCcbWpbCJR2InfaSh8Ytiqt4egF0KVn+dXM7NPkuyv3htfEQNGr8o9jdmkh+ZgpW8i+Y2sJilNL4QPmiOliZ9WfSL4hxAfWR5BBSs5fFL9emLgMcVjIv9V/Hlb56y1I75bwNPn6dhn5HArAQUrFmJpV+/fLA5tjAc1IDZkxbmYzZ3GPCJBvqxCQnUElCw+hUcewKRvG9c4o7DbRse4qSF+VuAdRvuz+Yk8D8CCla/guEOYI3RkG4b7beKRfI2ylXAxjUNt313Yhvjsc0MCChYGThpShOLZwVj0+erl9jCMGWzE6utBUQurapziLHnK26QflsTHdmGBIKAgtWPOPjsKCPDeDSx3nRIh0OLG3beBKxU0WfcyPPgDm2xqx4TULDyd+4rgM8UhhG3RRe/EHY5wh8CO9f8IYxNrFt3aYx99Y+AgpW3TyNXe7ySrTIaxq3A2gkM6Y81eeTjmM9HgdclYKMmZEhAwcrQaQWTiwvfsW71AuD0RIYUh6bPrEm/HB8HNgNiR71FAlMTULCmRpVcxa+Ubrn55GihPTVDI03zS2teE0NwN03NYO1Jl4CCla5vJlkWC9zvLVSIvVE7JD6UXwOPrbAxZoZfAl6cuP2alwABBSsBJ8xoQgjTBYUvcrlt1vxLzVfDSIMTr5HfnZGH1QdEQMHKz9nXFxLwxSJ2fJW7MLNhHDmaIVbd6FNMMJjZsDS3bQIKVtuEm23/O8DTCk2+Dzi62S46be1cYPeK9S2znXbqhnw6U7Dy8dUHgCMK5v54NLvKZwT1lsbWjA0qfh2vibEFIj4oWCTgTvdMYiAujIjtCuM/MDcBD83E9mnNjEPasTY3PgtZfC72dcU2iMjPZRkwAWdY6Ts/rpT/UyELQqxbbQTEWlYfS6THORSIcZfLJcD2fRy0Y5qOgII1HadF1iqnc4nLIN6/SIM66vsbwDMqhCsOVZ8BHNCRHXaTEAEFKyFnVJhSPtQc/4iflbbJjVtXt3/rTuBY4ITGe7TBZAkoWMm65p7XopMK5t0ArJeuua1aFhtO4xKNdSp6uRnYCbiyVQtsPAkCClYSbrifEZsAPy/czBzrVnHQOf5xDrnEDv+315xPjJnYlkOGM4SxK1hpevny0VexsXWRkz1ys1vuJRBfTOOOxPLCfAh7vDbvLah+ElCw0vNr5LaKHFfj8nngwPTMTMKimIVuU2HJXcBxwFuTsFIjGiOgYDWGspGGYi3me8Cqo9auADZvpOX+NvKQ0RVm8cpcLpEf7Kmj1+v+EhjQyBSstJwdrzNxADhKbJaMxeY4LGxZmsBrgRMrNp7GMZ/YGrLj0k1YI3UCClY6HorXl1hQHpd9gbPSMS8bS04BXlKRXz72b32tlEMsm0Fp6L0EFKw0IiFuTj6nYErkunpzGqZla0XcSL1bxcJ87N86ZiCbb7N1Xp3hCtbiXbo6EFkLdhmZEmtYse5iWT6B2LcV5xPjHGK5xHnMyC127fK7sYWuCChYXZGu7+d44KjRr2O9ZQ/gvMWb1SsLDgfeU5M40POJGblawVqssyILQ5yLG5c4ahKXj1raIfCF0UUd5cSBQz5F0A7pllpVsFoCO0WzkR4mXgUjrUqUIZ4TnAJTK1ViVjXmPu4gvspuBUTKaUuiBBSsxTkmzgnGecEotwNPBi5enDmD6zmyPcQdiesWRn438MLSrHdwYFIesIK1GO+8DPhcoes3jPYQLcaaYfcaR57iGrJi+RgQ+7osiRFQsLp3SBxsjk/uG4+6jnNx+3dvhj0WCMQeuPhvpcLPQrBCuCwJEVCwundGbGyMw8xRbgSeAFzTvRn2WCIQh6kj/9hao5/Hl9q4IMOSEAEFq1tnHAZ8pNDlK4E47GxJg8DDR9eP7TNaU7wsDbO0YkxAweouFrYbvQqOF3ljDevl3XVvTxLIn4CC1Z0PvzrK4RQ9Xj26TOG27rq3JwnkT0DB6saHcdlp5Gcal/2AEDCLBCQwAwEFawZYc1bddfQqOM5x9SHg9XO25WMSGDQBBat998cWhvHXpsiQGWtZFglIYA4C/wXMP46mjhJgmAAAAABJRU5ErkJggg==",
        "suppliersignature": "data:image/png;base64,iVBORw0KGgoAAAANSUhEUgAAASwAAACWCAYAAABkW7XSAAAAAXNSR0IArs4c6QAADTlJREFUeF7tnVvod9kYx78zLzODEZpxnkgKI3IIV0RTEuVQSnLnYuTCNNw6XJJLRgl3UnJFoShhXLhAimQUiqZEzEw5G+cefr/sd9n7tw57r73Ws9dn1/TO+/7X4Vmf51nf/1prr7X2NeKBAAQg4ITANU7sxEwIQAACQrAIAghAwA0BBMuNqzAUAhBAsIgBCEDADQEEy42rMBQCEECwiAEIQMANAQTLjaswFAIQQLCIAQhAwA0BBMuNqzAUAhBAsIgBCEDADQEEy42rMBQCEECwiAEIQMANAQTLjaswFAIQQLCIAQhAwA0BBMuNqzAUAhBAsIgBCEDADQEEy42rMBQCEECwiAEIQMANAQTLjaswFAIQQLCIAQhAwA0BBMuNqzAUAhBAsIgBCEDADQEEy42rMBQCEECwiAEIQMANAQTLjaswFAIQQLCIAQhAwA0BBMuNqzAUAhBAsIgBCEDADQEEy42rMBQCEECwiAEIQMANAQTLjaswFAIQQLCIAQhAwA0BBMuNqzAUAhBAsIgBCEDADQEEy42rMBQCEECwiAEIQMANAQTLjaswFAIQQLCIAQhAwA0BBMuNqzAUAhBAsIgBCEDADQEEy42rMBQCEECwiAEIQMANAQTLjaswFAIQQLD6iYF7Jd0iyatP/inpSj84seSIBLx2jqP44k+SbnAsUnN++Jekf0h66FGcRDv6IYBg7e+Lv0p6yMFEaomiidcPJD1vf8zUeEQCCNY+Xv3babqUyts6uqcnpV1MGT15tFNbUwKtU9O7N+vvkq7NGEmZSL1d0ie6b9m8gW+T9LHE9hobpoxOHd3SbARrW/q2dmMilfocddTxgKRHJ4gXwpUaKaT7DwEEa30gIFKXGZooXXp7SAyuj8FhSiBYylxtI6NUdjbVs/945S/NcbtT0l1lbiDXaARSO91oXJbamypUJlCW1t4G8lxN4CWSvjX5J2OVM42G58AEEKx058fEiv1H6SzDt6DEYTq7oVMSKHH3f0TSOxaSWcezLQvXx4shxYRAuK714GkDLZAgcJEAgnU5QO6TdNNMkvsl3UxsrSIwHWUxLVyFcpzMCNayr5febj1S0h/GCZFqLQ2n2HOxaG9g7d9jcXrU7SHV4HstOBYIXtu11u65rQq1RwGjjThsKj19KWGxaMJjT0lcluRZGyfk35kATv5/4HOL67XFyqwIF6K/J+kFO8fDXtV9W9KLCoVpyUZieS/vNawHJ18Nf06s9ppuhIK1h0juEXq55yhLbCKOS6g5zIOj/+u0F0r67oz/9j46krKu02uYfUjSHYlrTpfacBbur0h6uKSXXkh8FFHv1afd2YVgSb+TZAvp4fMrSU/c2WNeXvf/XtIjTmy2iqGwnKWXHlvVt7NrqW4LAqM7f6lTPEzSX7YAXFBGT4vv57u7rBlrYyXc/W9lT29smJa/tEl3rQ0F7iBLTwRGDgC7WO45gTN6mGLsPS20qddtG0zlzijPgvv9yEuD8JfF+S3hXEz24Jee+u2wtowsWKEw9NIpbGQ33Tm/1Tqa7R2zNaEtRktTcSo92J16y8VeLz2GFQFPDR9ZsHqaeoUxs8a282bLLYXJyjrbZAJ63QZBHjubaVXYtJFjTxvAPkoRowpW2Fm+I8luEejliU0LfyHpCRtO46btPl+HYy8dnlwJyG8uHG2y+u8+TVMrVU+xXgmMKli93xZgGytfXDGozu0vnc6tMW1pKtjLlHxN28hbmcCIghV2mD9P1nYq475Y/E8kPX2Dt3HhaMn+bp8Tu7Fl4051X5oGjhiLHbjElwkjBklPo6vUw72xqDpP474m6ZWxxA1+fo+kWy/Uy+iqgVM8VjmaYIV7f0ww9rwV9NOS3rxiFGUde6tF773iNeVtIIK1lzec1zOaYLUYXZV83dns/KWkJwXx5c1flw6Sr3kT6rzbYX4pAW8doLSd53zTTlJzf0/KK/twrWluATzcXLn3iHAN7/CXg5U1Zb6XL9a0gbydERhJsC4dBVnrlpIFc+uw35T0skjlLUaFpTxsd/tzF6a8fwwW/hGsUsoD50Owyp1fsmBeMqoLR2t2WPtR5WZXyRkbUcYONtsVNFtsRq3SOArthwCCle6LkgVzG0X8VtJj0quZTdnjek/sA6nWkKXFdE+jxpWuI/uWBEYSrLkreWMsSxfM3yXpw7HCM34e2/meUdSqpPdKuiXhLacJ0o8lPWumtvCtYcmoc1UjyOyXAIJ1te/eIOmzCR1ymss6p3XC6VUpW0fET0+bSs/l7rkN4E2SPpPIJCY+djuG3ZIxfUaKwa3jYrjyRgqWpRFWzQXzLQNq72lUyv6p87Tv/ZLel9DYcKS41U0UCVWT5AgERhYsE4Cc9sdGD7XjIVwzqrFQbQeeH5fApWRU+XNJT2V0VTtMjl1+Tof1TiLc1hBrz1YL5rF6cn5ea5SVM5q6NsfgSdrQdrufa+5q6sLiyTYCgaML1scl3Z4wYmixNlQSX+GUytbb3lhS0ClPbDvCecpnI69w131OteEviz3X4HLsJG3nBI4qWCkd8eya1lO9nBCx0Y2NhtYIbLiWt1T/llzC0dXzJdkmUx4IZBE4kmDliFQIacvOmeWAgsQlWxxs6mX7wWL+NmH59elywALTZrOE001GV1uRHbCcWAD3jiRVpKyT2HcHz5fizZ1z89KR7P6uGxJHWTmL6KVrU7EYqbXuFquXnx+QgEfByhGppc2L5krPn5KKiUDqInrtbQUhY0+Htw/Y3f03yYtg5YiU3Rf++ETXLB0v6X20FQrSjyQ9+4IIT3Hs1Tb7Qo8deJ4+XuItMXxItjeBngModZRgHTBHpOYYz00RLd1enbvE70s2L5W19zpd+EuGL+CUeJk8Xf/GyxEp+1z6lrcWXBrFtRQue6t35eS13F8wNRbRU7pQ+G3FlvxS7CWNEwK5HaBGs3JEqvbHFKx8+0z90mMd792SPrgxCBNfm0KZP7bwidn5TEl27KjFE47+viTpNS0Moc5jEdiic8SITL+hZ2lz66xxBCVmc0y4Yvlb/bz2InpKu8J1QUZXKdRIk0QgVzzCQn8m6SkTEVpb3rn8vddblmD1JlznkYv9aRsvbQPmlPkHJL0nyfP1EsXeYNarmZIPTyAmMKlv5w4PigYelsADkm46bOsO1rCYYOW+iToYHpozEAG7evp1kr4xUJvdNRXBcucyDK5MwNZM3ynpo5XrofgCAjHB+pSktywslE/XUwqqzsrSy0ivpR02PV96rg9+8GAW3f8lnh6szinC3qxOY8k42RGi2GP15TC19HMc7N9ssT98bO/XuU0mRPb36fMMSSG788/Nrk9KemusEfx8PwIxwdrPEmpaQyBca3y1pC+vKTAj792SXh6k9xZXduD7sRfaPCeqxvz87/b/90myEwd3Sfp8Bj+SZhDwFlgZTRsqacs738PObKO76eFsT464R9KtKw22kaXtqeOpQADBqgC1UZEtthMc9eqYz0l6fcGeQXO9XQX9tEYxcPhqEazjuDgUj9obbr8u6RXOp4Ix779X0qsk2UmE6bqgHT26f5LZ9uvZvjj7DJr9aW8ceSoQQLAqQG1Y5HSUVXuHeTii43BzQ8ePUjWCdSxPh4vvtq/oCxWaeNSpYAVUFLklAQRrS5rty/qqpNsmZtQYZY0wFWzvSSyYJYBgHS8wai++h+XXXis7nodoUTEBBKsYXbcZw09qbXktMVPBbt0+hmEI1jH9XGOUxVTwmLHiqlUIlit3JRsbLr5/UdJrk3PPJ2QquBIg2dcTQLDWM+y1hC23OIQCWGMxv1eO2NURAQSrI2dsbMpWIvPD0xd5puYRNxs7i+LSCBB4aZw8prLd2TfOGG47tG9ObFC4gG/ZeriGOdF8kh2NAIJ1NI9e3Z6lD3ykXEE9l5ep4LHjpfvWIVjdu2i1gXbtydwVwJfEZ+5qbMRqtSsoYC0BBGstQT/519zPnzIi80MCS90SQLDcuq7I8PATXCmFbLnxNKU+0kBgkQCCNWZwpI62uIxuzPjottUIVreuqW6Y3el03UIttl51pboFVACBTAIIViYwkkMAAu0IIFjt2FMzBCCQSQDBygRGcghAoB0BBKsde2qGAAQyCSBYmcBIDgEItCOAYLVjT80QgEAmAQQrExjJIQCBdgQQrHbsqRkCEMgkgGBlAiM5BCDQjgCC1Y49NUMAApkEEKxMYCSHAATaEUCw2rGnZghAIJMAgpUJjOQQgEA7AghWO/bUDAEIZBJAsDKBkRwCEGhHAMFqx56aIQCBTAIIViYwkkMAAu0IIFjt2FMzBCCQSQDBygRGcghAoB0BBKsde2qGAAQyCSBYmcBIDgEItCOAYLVjT80QgEAmAQQrExjJIQCBdgQQrHbsqRkCEMgkgGBlAiM5BCDQjgCC1Y49NUMAApkEEKxMYCSHAATaEUCw2rGnZghAIJMAgpUJjOQQgEA7AghWO/bUDAEIZBJAsDKBkRwCEGhHAMFqx56aIQCBTAIIViYwkkMAAu0IIFjt2FMzBCCQSeDf8SPIpq1Uc2IAAAAASUVORK5CYII=",
        "meternumber": "13212",
        "rate": 100,
        "status": "complete",
        "created": "2023-06-23T12:01:16.679Z"
    }
},
{
    "model": "django_daraja.accesstoken",
    "pk": 6,
    "fields": {
        "token": "L2VAbwUgiGN03wdfvl7DSKCkNCH3",
        "created_at": "2023-06-21T11:45:02.932Z"
    }
}
]
